Player,Tm,Age,Tgt,Rec_P,Ctch%,Yds_p,TD_P,1D,Succ%,Y/Tgt,R/G,Y/G,G_P,GS,Att,Yds_R_P,TD_R_P,1D_P,Succ%_R,Y/A,Y/G_R,Fmb,G,Att_R,Yds_R,Avg_R,TD_R,Rec,Yds,Avg,TD,Plays_S,Yds_S,Avg_S,TD_S,Conf,School,Height,Weight,40yd,Vertical,Broad Jump,Drafted,OvrPick
Jahvid Best,DET,21,80.0,58,72.5%,487,2,15,37.5,6.1,3.6,30.4,16,9,171,555,4,25,35.7,3.2,34.7,1,10.5,167.5,1223.5,7.1,13.5,24.5,229.5,9.399999999999999,2.5,192.0,1453.0,7.45,16.0,Pac-10,California,5-10,199.0,4.34,32.5,113.0,True,30.0
Keiland Williams,WAS,24,58.0,39,67.2%,309,2,11,34.5,5.3,2.6,20.6,15,3,65,261,3,14,52.3,4.0,17.4,1,13.0,83.0,417.0,5.0,2.0,11.0,124.0,11.3,1.0,94.0,541.0,5.8,3.0,SEC,LSU,5-11,233.0,4.52,34.5,34.5,False,225.0
C.J. Spiller,BUF,23,30.0,24,80.0%,157,1,7,43.3,5.2,1.7,11.2,14,1,74,283,0,10,41.9,3.8,20.2,5,13.0,159.0,869.6666666666666,5.433333333333334,7.333333333333333,34.666666666666664,403.3333333333333,11.6,3.0,193.66666666666666,1273.0,6.566666666666666,10.333333333333334,ACC,Clemson,5-11,196.0,4.37,34.5,34.5,True,9.0
Ryan Mathews,SDG,23,26.0,22,84.6%,145,0,7,50.0,5.6,1.8,12.1,12,9,158,678,7,25,44.3,4.3,56.5,5,10.333333333333334,178.0,1093.3333333333333,6.0,13.0,9.5,134.0,14.7,1.0,184.33333333333334,1182.6666666666667,6.3,13.666666666666666,WAC,Fresno State,6-0,218.0,4.37,36.0,121.0,True,12.0
Toby Gerhart,MIN,23,29.0,21,72.4%,167,0,4,41.4,5.8,1.4,11.1,15,1,81,322,1,14,42.0,4.0,21.5,3,12.5,276.5,1503.5,5.45,21.5,12.0,135.5,11.55,0.0,288.5,1639.0,5.65,21.5,Pac-10,Stanford,6-0,231.0,4.5,38.0,118.0,True,83.0
Javarris James,IND,23,11.0,9,81.8%,63,0,3,45.5,5.7,0.9,6.3,10,0,46,112,6,9,43.5,2.4,11.2,1,12.0,131.0,537.0,4.25,5.0,13.5,92.5,6.8,0.0,144.5,629.5,4.45,5.0,ACC,Miami (FL),6-0,212.0,4.58,36.0,115.0,False,225.0
Anthony Dixon,SFO,23,5.0,5,100.0%,11,0,1,40.0,2.2,0.3,0.7,16,0,70,237,2,11,41.4,3.4,14.8,0,12.0,247.0,1108.6666666666667,4.5,11.0,17.333333333333332,135.66666666666666,8.200000000000001,1.3333333333333333,264.3333333333333,1244.3333333333333,4.7,12.333333333333334,SEC,Mississippi State,6-1,233.0,4.67,33.0,121.0,True,333.0
Joe McKnight,NYJ,22,4.0,3,75.0%,20,0,2,50.0,5.0,0.3,2.2,9,1,39,189,0,7,59.0,4.8,21.0,0,12.0,115.66666666666667,737.6666666666666,6.433333333333334,4.333333333333333,22.0,180.66666666666666,8.200000000000001,0.6666666666666666,137.66666666666666,918.3333333333334,6.766666666666667,5.0,Pac-10,USC,5-11,198.0,4.4,36.5,120.0,True,208.0
James Starks,GNB,24,4.0,2,50.0%,15,0,1,25.0,3.8,0.7,5.0,3,0,29,101,0,5,44.8,3.5,33.7,0,12.0,261.5,1218.0,4.65,14.0,46.5,336.0,7.25,1.5,308.0,1554.0,5.0,15.5,MAC,Buffalo,6-2,218.0,4.5,36.0,119.0,True,353.0
Keith Toston,STL,23,2.0,2,100.0%,29,0,1,100.0,14.5,0.1,1.8,16,0,19,54,0,2,31.6,2.8,3.4,0,13.0,164.5,952.0,6.050000000000001,10.0,16.5,161.5,9.1,0.5,181.0,1113.5,6.35,10.5,Big 12,Oklahoma State,6-0,213.0,4.66,32.0,110.0,False,225.0
Jacquizz Rodgers,ATL,21,27.0,21,77.8%,188,1,6,40.7,7.0,1.3,11.8,16,0,57,205,1,16,47.4,3.6,12.8,1,12.0,262.6666666666667,1292.3333333333333,4.8999999999999995,15.333333333333334,50.333333333333336,352.0,7.233333333333333,1.6666666666666667,313.0,1644.3333333333333,5.233333333333333,17.0,Pac-10,Oregon State,5-6,196.0,4.59,33.0,113.0,True,273.0
Kendall Hunter,SFO,23,26.0,16,61.5%,195,0,10,46.2,7.5,1.0,12.2,16,1,112,473,2,23,45.5,4.2,29.6,0,11.5,177.0,1045.25,5.75,9.25,15.75,129.75,8.825,0.5,192.75,1175.0,6.05,9.75,Big 12,Oklahoma State,5-7,199.0,4.46,35.0,122.0,True,211.0
Daniel Thomas,MIA,24,16.0,12,75.0%,72,1,5,50.0,4.5,0.9,5.5,13,2,165,581,0,25,40.0,3.5,44.7,2,12.5,272.5,1425.0,5.199999999999999,15.0,26.0,214.0,8.3,0.0,298.5,1639.0,5.5,15.0,Big 12,Kansas State,6-0,230.0,4.62,34.5,34.5,True,94.0
Mark Ingram,NOR,22,13.0,11,84.6%,46,0,3,46.2,3.5,1.1,4.6,10,4,122,474,5,29,53.3,3.9,47.4,1,13.0,190.66666666666666,1087.0,5.566666666666666,14.0,20.0,223.33333333333334,10.5,1.3333333333333333,210.66666666666666,1310.3333333333333,6.1000000000000005,15.333333333333334,SEC,Alabama,5-9,215.0,4.62,31.5,118.0,True,28.0
Brandon Saine,GNB,23,12.0,10,83.3%,69,0,1,33.3,5.8,1.3,8.6,8,0,18,69,0,1,55.6,3.8,8.6,0,13.0,145.0,739.0,5.1,4.0,17.0,224.0,13.2,2.0,162.0,963.0,5.9,6.0,Big Ten,Ohio State,5-11,220.0,4.4,34.5,113.0,False,225.0
Evan Royster,WAS,24,14.0,9,64.3%,68,0,5,57.1,4.9,1.5,11.3,6,2,56,328,0,17,60.7,5.9,54.7,0,12.5,171.5,983.0,5.85,7.25,15.25,140.5,8.725,0.75,186.75,1123.5,6.05,8.0,Big Ten,Penn State,6-0,212.0,4.65,34.0,113.0,True,337.0
Delone Carter,IND,24,8.0,5,62.5%,18,0,0,12.5,2.3,0.3,1.1,16,3,101,377,2,18,45.5,3.7,23.6,3,12.5,233.5,1127.0,4.8,10.0,9.5,81.0,8.1,0.5,243.0,1208.0,4.949999999999999,10.5,Big East,Syracuse,5-9,222.0,4.54,37.0,120.0,True,215.0
Jamie Harper,TEN,22,6.0,4,66.7%,32,0,1,16.7,5.3,0.3,2.5,13,0,17,44,1,4,35.3,2.6,3.4,1,13.0,197.0,760.0,3.9,7.0,35.0,328.0,9.4,3.0,232.0,1088.0,4.7,10.0,ACC,Clemson,5-11,233.0,4.53,36.5,120.0,True,226.0
Stevan Ridley,NWE,22,5.0,3,60.0%,13,0,0,20.0,2.6,0.2,0.8,16,2,87,441,1,18,49.4,5.1,27.6,1,13.0,249.0,1147.0,4.6,15.0,11.0,61.0,5.5,0.0,260.0,1208.0,4.6,15.0,SEC,LSU,5-11,225.0,4.65,36.0,118.0,True,137.0
Da'Rel Scott,NYG,23,2.0,2,100.0%,13,0,0,50.0,6.5,0.2,1.2,11,0,5,16,0,1,40.0,3.2,1.5,1,10.666666666666666,138.66666666666666,755.3333333333334,5.3999999999999995,5.666666666666667,15.666666666666666,150.66666666666666,9.833333333333334,1.0,154.33333333333334,906.0,5.8999999999999995,6.666666666666667,ACC,Maryland,5-11,211.0,4.4,34.0,117.0,True,413.0
Alex Green,GNB,23,1.0,1,100.0%,6,0,1,100.0,6.0,0.3,1.5,4,0,3,11,0,0,33.3,3.7,2.8,0,13.5,116.0,826.0,6.75,10.0,19.0,230.5,11.15,1.0,135.0,1056.5,7.35,11.0,WAC,Hawaii,6-0,225.0,4.45,34.0,114.0,True,160.0
Dion Lewis,PHI,21,1.0,1,100.0%,-3,0,0,0.0,-3.0,0.1,-0.2,15,0,23,102,1,5,43.5,4.4,6.8,1,12.5,272.0,1430.0,5.15,15.0,26.0,202.5,7.8,0.5,298.0,1632.5,5.45,15.5,Big East,Pittsburgh,5-7,193.0,4.56,34.5,112.0,True,277.0
Bilal Powell,NYJ,23,1.0,1,100.0%,7,0,0,0.0,7.0,0.5,3.5,2,0,13,21,0,1,0.0,1.6,10.5,1,11.333333333333334,137.33333333333334,717.0,4.8,5.666666666666667,14.0,106.33333333333333,7.400000000000001,1.0,151.33333333333334,823.3333333333334,5.033333333333333,6.666666666666667,Big East,Louisville,5-10,207.0,4.51,34.5,34.5,True,222.0
Johnny White,BUF,23,4.0,1,25.0%,-3,0,0,0.0,-0.8,0.1,-0.3,12,0,12,38,0,1,41.7,3.2,3.2,0,10.5,112.5,559.5,4.85,3.5,19.5,223.5,11.3,0.0,132.0,783.0,5.8,3.5,ACC,North Carolina,5-10,209.0,4.5,32.5,117.0,True,261.0
Armando Allen,CHI,22,1.0,0,0.0%,0,0,0,0.0,0.0,0.0,0.0,2,0,15,48,0,3,33.3,3.2,24.0,0,10.5,117.25,536.0,4.525,2.0,29.75,208.25,7.025,0.75,147.0,744.25,5.025,2.75,Ind,Notre Dame,5-8,199.0,4.59,34.5,34.5,False,225.0
Trent Richardson,CLE,22,70.0,51,72.9%,367,1,18,50.0,5.2,3.4,24.5,15,15,267,950,11,38,42.3,3.6,63.3,3,12.666666666666666,180.0,1043.3333333333333,5.8,11.666666666666666,22.666666666666668,243.33333333333334,10.4,2.3333333333333335,202.66666666666666,1286.6666666666667,6.366666666666667,14.0,SEC,Alabama,5-9,228.0,4.48,34.5,34.5,True,3.0
Doug Martin,TAM,23,70.0,49,70.0%,472,1,18,45.7,6.7,3.1,29.5,16,16,319,1454,11,64,44.8,4.6,90.9,1,13.333333333333334,197.66666666666666,1108.0,5.7,14.333333333333334,21.333333333333332,220.33333333333334,9.9,1.3333333333333333,219.0,1328.3333333333333,6.133333333333333,15.666666666666666,MWC,Boise State,5-9,223.0,4.46,36.0,120.0,True,31.0
Robert Turbin,SEA,23,23.0,19,82.6%,181,0,8,52.2,7.9,1.2,11.3,16,0,80,354,0,16,42.5,4.4,22.1,0,12.333333333333334,187.33333333333334,1099.3333333333333,5.666666666666667,13.333333333333334,22.333333333333332,281.6666666666667,12.266666666666666,3.6666666666666665,209.66666666666666,1381.0,6.466666666666666,17.0,WAC,Utah State,5-10,222.0,4.42,36.0,122.0,True,202.0
Vick Ballard,IND,22,27.0,17,63.0%,152,1,7,44.4,5.6,1.1,9.5,16,12,211,814,2,52,46.0,3.9,50.9,3,12.5,189.5,1078.5,5.7,14.5,15.0,146.5,10.0,1.0,204.5,1225.0,6.0,15.5,SEC,Mississippi State,5-10,219.0,4.59,33.0,115.0,True,298.0
Chris Rainey,PIT,24,22.0,14,63.6%,60,0,1,31.8,2.7,0.9,3.8,16,0,26,102,2,5,50.0,3.9,6.4,4,13.0,130.0,718.0,5.75,3.5,20.5,271.0,14.200000000000001,1.5,150.5,989.0,6.75,5.0,SEC,Florida,5-8,180.0,4.36,36.5,120.0,True,287.0
Alfred Morris,WAS,24,16.0,11,68.8%,77,0,3,37.5,4.8,0.7,4.8,16,16,335,1613,13,86,50.1,4.8,100.8,4,12.0,242.0,1168.6666666666667,4.8,9.0,10.0,100.0,10.5,1.3333333333333333,252.0,1268.6666666666667,5.0,10.333333333333334,Sun Belt,Florida Atlantic,5-10,219.0,4.63,35.5,117.0,True,333.0
Ronnie Hillman,DEN,21,12.0,10,83.3%,62,0,3,33.3,5.2,0.7,4.4,14,0,85,330,1,19,48.2,3.9,23.6,2,13.0,286.5,1621.5,5.65,18.0,16.5,169.0,9.45,1.0,303.0,1790.5,5.9,19.0,MWC,San Diego State,5-9,200.0,4.42,37.0,34.5,True,131.0
Bernard Pierce,BAL,21,11.0,7,63.6%,47,0,4,54.5,4.3,0.4,2.9,16,0,108,532,1,24,45.4,4.9,33.3,0,11.333333333333334,221.0,1190.0,5.3,17.666666666666668,6.333333333333333,59.333333333333336,11.033333333333333,0.3333333333333333,227.33333333333334,1249.3333333333333,5.433333333333334,18.0,MAC,Temple,6-0,218.0,4.45,36.5,123.0,True,148.0
Lamar Miller,MIA,21,8.0,6,75.0%,45,0,3,62.5,5.6,0.5,3.5,13,1,51,250,1,12,51.0,4.9,19.2,0,11.5,167.5,959.0,5.8,7.5,14.0,90.5,6.85,0.5,181.5,1049.5,5.9,8.0,ACC,Miami (FL),5-11,212.0,4.34,33.0,34.5,True,193.0
David Wilson,NYG,21,9.0,4,44.4%,34,1,2,33.3,3.8,0.3,2.1,16,2,71,358,4,17,38.0,5.0,22.4,1,13.5,201.5,1164.0,5.7,7.0,18.5,181.5,10.75,2.5,220.0,1345.5,6.300000000000001,9.5,ACC,Virginia Tech,5-10,206.0,4.38,41.0,132.0,True,32.0
LaMichael James,SFO,23,5.0,3,60.0%,29,0,3,60.0,5.8,0.8,7.3,4,0,27,125,0,10,40.7,4.6,31.3,1,12.333333333333334,257.0,1694.0,6.633333333333333,17.666666666666668,17.0,195.33333333333334,11.5,1.3333333333333333,274.0,1889.3333333333333,6.8999999999999995,19.0,Pac-12,Oregon,5-8,194.0,4.35,35.0,123.0,True,93.0
Isaiah Pead,STL,23,4.0,3,75.0%,16,0,0,50.0,4.0,0.2,1.1,15,1,10,54,0,2,60.0,5.4,3.6,2,12.333333333333334,171.66666666666666,1031.3333333333333,6.2,9.0,28.333333333333332,236.66666666666666,8.533333333333333,2.0,200.0,1268.0,6.5,11.0,Big East,Cincinnati,5-10,197.0,4.39,33.0,116.0,True,82.0
Brandon Bolden,NWE,22,2.0,2,100.0%,11,0,1,50.0,5.5,0.2,1.1,10,0,56,274,2,18,53.6,4.9,27.4,0,12.0,121.5,648.5,5.275,6.75,19.0,201.75,10.625,1.5,140.5,850.25,5.95,8.25,SEC,Mississippi,5-11,222.0,4.55,38.0,119.0,False,225.0
Cyrus Gray,KAN,23,3.0,2,66.7%,18,0,0,0.0,6.0,0.2,1.8,10,0,7,44,0,3,85.7,6.3,4.4,0,12.25,158.0,824.5,5.15,7.5,25.75,194.0,7.3,1.5,183.75,1018.5,5.45,9.0,Big 12,Texas A&M,5-10,206.0,4.4,32.5,114.0,True,342.0
Dan Herron,CIN,23,1.0,0,0.0%,0,0,0,0.0,0.0,0.0,0.0,3,0,4,5,0,0,0.0,1.3,1.7,0,10.25,148.0,717.25,4.775,8.0,11.0,77.25,6.15,0.25,159.0,794.5,4.925,8.25,Big Ten,Ohio State,5-10,213.0,4.57,35.0,117.0,True,351.0
Giovani Bernard,CIN,22,71.0,56,78.9%,514,3,22,45.1,7.2,3.5,32.1,16,0,170,695,5,33,47.1,4.1,43.4,1,11.5,211.5,1240.5,5.95,12.5,46.0,426.0,9.2,3.0,257.5,1666.5,6.550000000000001,15.5,ACC,North Carolina,5-8,202.0,4.53,33.5,122.0,True,69.0
Le'Veon Bell,PIT,21,66.0,45,68.2%,399,0,15,43.9,6.0,3.5,30.7,13,13,244,860,8,53,45.5,3.5,66.2,1,13.333333333333334,223.66666666666666,1115.3333333333333,5.2,11.0,26.0,177.0,7.2,0.3333333333333333,249.66666666666666,1292.3333333333333,5.3999999999999995,11.333333333333334,Big Ten,Michigan State,6-1,230.0,4.6,31.5,118.0,True,80.0
Andre Ellington,ARI,24,57.0,39,68.4%,371,1,21,42.1,6.5,2.6,24.7,15,1,118,652,3,27,44.1,5.5,43.5,1,11.666666666666666,184.33333333333334,981.6666666666666,5.3999999999999995,9.666666666666666,16.0,150.0,10.233333333333334,0.6666666666666666,200.33333333333334,1131.6666666666667,5.733333333333333,10.333333333333334,ACC,Clemson,5-9,199.0,4.61,34.0,122.0,True,347.0
Eddie Lacy,GNB,23,44.0,35,79.5%,257,0,12,50.0,5.8,2.3,17.1,15,15,284,1178,11,63,44.4,4.1,78.5,1,13.0,149.5,998.0,6.8,12.0,16.5,160.0,10.25,1.0,166.0,1158.0,7.15,13.0,SEC,Alabama,5-11,231.0,4.55,34.5,34.5,True,93.0
Zac Stacy,STL,22,35.0,26,74.3%,141,1,8,37.1,4.0,1.9,10.1,14,12,250,973,7,48,41.6,3.9,69.5,1,12.0,171.66666666666666,937.3333333333334,5.3,9.0,12.333333333333334,127.66666666666667,12.033333333333333,0.0,184.0,1065.0,5.633333333333333,9.0,SEC,Vanderbilt,5-8,216.0,4.55,33.0,122.0,True,288.0
Montee Ball,DEN,23,27.0,20,74.1%,145,0,10,51.9,5.4,1.3,9.1,16,0,120,559,4,35,51.7,4.7,34.9,3,12.25,231.0,1285.0,5.375,19.25,14.75,149.5,9.55,1.5,245.75,1434.5,5.675,20.75,Big Ten,Wisconsin,5-10,214.0,4.66,32.0,118.0,True,90.0
Knile Davis,KAN,22,15.0,11,73.3%,75,0,5,46.7,5.0,0.7,4.7,16,1,70,242,4,10,31.4,3.5,15.1,3,11.5,158.0,849.5,4.95,7.5,15.0,146.5,10.75,1.0,173.0,996.0,5.4,8.5,SEC,Arkansas,5-11,227.0,4.37,33.5,121.0,True,160.0
Mike James,TAM,22,11.0,10,90.9%,43,0,1,45.5,3.9,1.3,5.4,8,3,60,295,0,14,50.0,4.9,36.9,0,12.0,147.0,621.0,4.2,6.0,30.0,344.0,11.5,3.0,177.0,965.0,5.5,9.0,ACC,Miami (FL),5-10,223.0,4.53,35.0,115.0,True,349.0
Joseph Randle,DAL,22,10.0,8,80.0%,61,0,2,70.0,6.1,0.6,4.7,13,2,54,164,2,7,40.7,3.0,12.6,0,13.0,188.0,1028.3333333333333,5.5,13.333333333333334,36.0,305.6666666666667,8.566666666666666,1.0,224.0,1334.0,6.233333333333334,14.333333333333334,Big 12,Oklahoma State,6-0,204.0,4.63,35.0,123.0,True,279.0
Stepfan Taylor,ARI,22,9.0,8,88.9%,71,0,2,33.3,7.9,0.5,4.4,16,0,36,115,0,6,30.6,3.2,7.2,0,13.333333333333334,262.3333333333333,1332.3333333333333,5.133333333333333,12.666666666666666,31.333333333333332,245.0,7.933333333333334,1.6666666666666667,293.6666666666667,1577.3333333333333,5.433333333333334,14.333333333333334,Pac-12,Stanford,5-9,214.0,4.76,30.0,110.0,True,268.0
Johnathan Franklin,GNB,24,5.0,4,80.0%,30,0,2,80.0,6.0,0.4,2.7,11,0,19,107,1,7,52.6,5.6,9.7,2,13.25,197.0,1100.75,5.45,7.75,14.5,129.25,8.45,0.75,211.5,1230.0,5.625,8.5,Pac-12,UCLA,5-10,205.0,4.49,31.5,115.0,True,221.0
Theo Riddick,DET,22,8.0,4,50.0%,26,0,1,37.5,3.3,0.3,1.9,14,0,9,25,1,2,44.4,2.8,1.8,0,13.0,190.0,917.0,4.8,5.0,36.0,370.0,10.3,2.0,226.0,1287.0,5.7,7.0,Ind,Notre Dame,5-10,201.0,4.68,32.0,118.0,True,359.0
Kenjon Barner,CAR,24,3.0,2,66.7%,7,0,0,0.0,2.3,0.3,0.9,8,0,6,7,0,0,0.0,1.2,0.9,1,12.0,173.66666666666666,1085.6666666666667,6.233333333333333,12.666666666666666,16.666666666666668,187.0,10.966666666666669,2.3333333333333335,190.33333333333334,1272.6666666666667,6.633333333333333,15.0,Pac-12,Oregon,5-9,196.0,4.52,35.5,122.0,True,342.0
Ray Graham,HOU,23,3.0,1,33.3%,12,0,1,33.3,4.0,1.0,12.0,1,0,4,8,0,0,25.0,2.0,8.0,0,11.0,178.0,974.0,5.566666666666666,9.333333333333334,30.0,251.0,8.333333333333334,1.3333333333333333,208.0,1225.0,6.0,10.666666666666666,Big East,Pittsburgh,5-9,199.0,4.8,32.5,112.0,False,225.0
C.J. Anderson,DEN,22,1.0,0,0.0%,0,0,0,0.0,0.0,0.0,0.0,5,0,7,38,0,3,85.7,5.4,7.6,0,12.0,126.0,790.0,6.3,4.0,15.0,164.0,10.9,1.0,141.0,954.0,6.8,5.0,Pac-12,California,5-8,224.0,4.6,32.0,119.0,False,225.0
Devonta Freeman,ATL,22,37.0,30,81.1%,225,1,8,45.9,6.1,1.9,14.1,16,0,65,248,1,10,27.7,3.8,15.5,1,13.333333333333334,134.66666666666666,751.6666666666666,5.533333333333334,10.0,15.666666666666666,158.33333333333334,9.533333333333333,0.3333333333333333,150.33333333333334,910.0,5.966666666666666,10.333333333333334,ACC,Florida State,5-8,206.0,4.58,31.5,118.0,True,199.0
Jeremy Hill,CIN,22,32.0,27,84.4%,215,0,7,46.9,6.7,1.7,13.4,16,8,222,1124,9,61,52.3,5.1,70.3,5,12.0,172.5,1078.0,6.1,14.0,13.0,127.0,9.6,0.0,185.5,1205.0,6.35,14.0,SEC,LSU,6-1,233.0,4.56,29.0,113.0,True,87.0
De'Anthony Thomas,KAN,21,31.0,23,74.2%,156,0,8,38.7,5.0,1.9,13.0,12,3,14,113,1,3,71.4,8.1,9.4,0,11.5,94.0,647.5,6.9,9.5,33.5,345.5,10.55,3.0,127.5,993.0,7.75,12.5,Pac-12,Oregon,5-9,174.0,4.39,32.0,124.0,True,220.0
Damien Williams,MIA,22,27.0,21,77.8%,187,1,13,63.0,6.9,1.3,11.7,16,0,36,122,0,6,47.2,3.4,7.6,0,11.0,145.0,749.5,5.15,9.0,21.5,205.0,9.7,0.5,166.5,954.5,5.6,9.5,Big 12,Oklahoma,5-11,222.0,4.45,35.5,121.0,False,225.0
Charles Sims,TAM,24,27.0,19,70.4%,190,0,7,37.0,7.0,2.4,23.8,8,0,66,185,1,10,31.8,2.8,23.1,2,12.0,148.0,866.25,6.025,10.0,50.75,527.0,10.275,2.75,198.75,1393.25,7.1499999999999995,12.75,Big 12,West Virginia,6-0,214.0,4.48,37.5,126.0,True,133.0
Bishop Sankey,TEN,22,23.0,18,78.3%,133,0,5,47.8,5.8,1.1,8.3,16,9,152,569,2,26,44.1,3.7,35.6,2,13.0,308.0,1654.5,5.35,18.0,30.5,276.5,9.2,0.5,338.5,1931.0,5.65,18.5,Pac-12,Washington,5-9,209.0,4.49,35.5,126.0,True,86.0
Andre Williams,NYG,22,37.0,18,48.6%,130,0,6,27.0,3.5,1.1,8.1,16,7,217,721,7,32,35.0,3.3,45.1,1,11.0,176.0,934.75,4.925,7.0,2.5,15.0,5.933333333333334,0.0,178.5,949.75,4.925,7.0,ACC,Boston Col.,5-11,230.0,4.56,38.0,129.0,True,209.0
Tre Mason,STL,21,26.0,16,61.5%,148,1,8,46.2,5.7,1.3,12.3,12,9,179,765,4,38,40.8,4.3,63.8,2,13.0,244.0,1409.0,5.800000000000001,15.5,9.5,124.5,12.95,0.5,253.5,1533.5,6.05,16.0,SEC,Auburn,5-8,207.0,4.5,38.5,126.0,True,139.0
Carlos Hyde,SFO,24,16.0,12,75.0%,68,0,4,25.0,4.3,0.9,4.9,14,0,83,333,4,17,43.4,4.0,23.8,1,11.333333333333334,166.33333333333334,1019.0,5.933333333333334,12.333333333333334,11.333333333333334,90.33333333333333,7.633333333333333,1.3333333333333333,177.66666666666666,1109.3333333333333,6.066666666666666,13.666666666666666,Big Ten,Ohio State,6-0,230.0,4.62,34.5,114.0,True,89.0
Isaiah Crowell,CLE,21,14.0,9,64.3%,87,0,4,50.0,6.2,0.6,5.4,16,4,148,607,8,35,42.6,4.1,37.9,3,12.0,185.0,850.0,4.6,5.0,8.0,59.0,7.4,1.0,193.0,909.0,4.7,6.0,SEC,Arkansas,5-11,224.0,4.57,38.0,117.0,False,225.0
Silas Redd,WAS,22,10.0,8,80.0%,107,0,5,60.0,10.7,0.5,7.1,15,0,16,75,1,6,50.0,4.7,5.0,1,12.5,205.5,1073.0,5.25,8.0,9.0,76.5,8.5,0.5,214.5,1149.5,5.449999999999999,8.5,Pac-12,USC,5-10,212.0,4.7,37.0,122.0,False,225.0
Marion Grice,ARI,23,11.0,7,63.6%,29,0,3,36.4,2.6,0.7,2.9,10,0,15,41,1,3,53.3,2.7,4.1,0,12.0,147.0,837.5,5.9,12.5,45.5,431.5,9.600000000000001,7.0,192.5,1269.0,6.85,19.5,Pac-12,Arizona State,6-0,208.0,4.67,34.5,34.5,True,361.0
Ka'Deem Carey,CHI,22,6.0,5,83.3%,57,0,2,66.7,9.5,0.4,4.1,14,0,36,158,0,11,52.8,4.4,11.3,0,12.0,247.66666666666666,1413.0,5.5,16.0,25.666666666666668,226.33333333333334,9.533333333333333,1.3333333333333333,273.3333333333333,1639.3333333333333,6.0,17.333333333333332,Pac-12,Arizona,5-9,207.0,4.69,32.5,115.0,True,213.0
James White,NWE,22,5.0,5,100.0%,23,0,1,40.0,4.6,1.7,7.7,3,0,9,38,0,1,33.3,4.2,12.7,0,12.666666666666666,150.16666666666666,877.1666666666666,5.75,9.166666666666666,19.0,162.0,9.5,0.6666666666666666,169.16666666666666,1039.1666666666667,6.083333333333333,9.833333333333334,Big Ten,Wisconsin,5-9,204.0,4.57,32.0,114.0,True,226.0
Storm Johnson,JAX,22,1.0,1,100.0%,-4,0,0,0.0,-4.0,0.2,-0.7,6,1,29,86,2,5,31.0,3.0,14.3,0,13.0,163.0,823.0,4.9,9.0,20.0,140.0,5.35,1.5,183.0,963.0,5.05,10.5,American,Central Florida,6-0,209.0,4.6,35.5,118.0,True,414.0
Duke Johnson,CLE,22,74.0,61,82.4%,534,2,24,41.9,7.2,3.8,33.4,16,7,104,379,0,19,44.2,3.6,23.7,1,11.0,175.33333333333334,1173.0,6.633333333333333,8.666666666666666,23.0,239.66666666666666,12.866666666666667,1.3333333333333333,198.33333333333334,1412.6666666666667,7.033333333333334,10.0,ACC,Miami (FL),5-9,207.0,4.54,33.5,121.0,True,141.0
Javorius Allen,BAL,24,62.0,45,72.6%,353,2,15,46.8,5.7,2.8,22.1,16,6,137,514,1,29,46.7,3.8,32.1,2,13.0,205.5,1137.0,5.6,12.5,31.5,355.0,11.35,1.0,237.0,1492.0,6.35,13.5,Pac-12,USC,6-0,221.0,4.53,35.5,121.0,True,221.0
T.J. Yeldon,JAX,22,46.0,36,78.3%,279,1,15,50.0,6.1,3.0,23.3,12,12,182,740,2,29,41.2,4.1,61.7,0,13.0,192.0,1107.3333333333333,5.766666666666667,12.333333333333334,15.333333333333334,164.66666666666666,11.033333333333333,0.6666666666666666,207.33333333333334,1272.0,6.133333333333333,13.0,SEC,Alabama,6-1,226.0,4.61,36.0,117.0,True,68.0
Melvin Gordon,SDG,22,37.0,33,89.2%,192,0,8,48.6,5.2,2.4,13.7,14,12,184,641,0,36,42.4,3.5,45.8,6,13.5,274.5,2098.0,7.65,20.5,10.0,81.5,9.05,1.5,284.5,2179.5,7.699999999999999,22.0,Big Ten,Wisconsin,6-1,215.0,4.52,35.0,126.0,True,15.0
Ameer Abdullah,DET,22,38.0,25,65.8%,183,1,11,47.4,4.8,1.6,11.4,16,9,143,597,2,31,51.0,4.2,37.3,5,13.333333333333334,257.0,1479.3333333333333,5.7,12.0,24.0,226.33333333333334,9.5,2.3333333333333335,281.0,1705.6666666666667,6.066666666666666,14.333333333333334,Big Ten,Nebraska,5-9,205.0,4.6,42.5,130.0,True,86.0
Jeremy Langford,CHI,24,42.0,22,52.4%,279,1,9,35.7,6.6,1.4,17.4,16,2,148,537,6,28,45.9,3.6,33.6,0,13.5,284.0,1472.0,5.2,20.0,19.5,109.5,5.6,0.5,303.5,1581.5,5.2,20.5,Big Ten,Michigan State,6-0,208.0,4.42,34.5,118.0,True,202.0
Todd Gurley,STL,21,26.0,21,80.8%,188,0,9,46.2,7.2,1.6,14.5,13,12,229,1106,10,47,40.2,4.8,85.1,3,10.0,170.0,1095.0,6.533333333333334,12.0,21.666666666666668,205.0,8.0,2.0,191.66666666666666,1300.0,6.866666666666667,14.0,SEC,Georgia,6-1,222.0,4.52,34.5,34.5,True,10.0
Matt Jones,WAS,22,25.0,19,76.0%,304,1,10,60.0,12.2,1.5,23.4,13,0,144,490,3,31,43.1,3.4,37.7,5,8.0,122.5,578.0,4.6,4.0,8.0,45.0,5.45,0.5,130.5,623.0,4.65,4.5,SEC,Florida,6-2,231.0,4.61,31.5,112.0,True,159.0
Karlos Williams,BUF,22,14.0,11,78.6%,96,2,3,42.9,6.9,1.0,8.7,11,3,93,517,7,25,53.8,5.6,47.0,2,13.0,120.5,709.5,6.3,11.0,18.5,164.0,8.5,0.5,139.0,873.5,6.65,11.5,ACC,Florida State,6-1,230.0,4.48,33.5,117.0,True,283.0
Thomas Rawls,SEA,22,11.0,9,81.8%,76,1,2,45.5,6.9,0.7,5.8,13,7,147,830,4,37,59.2,5.6,63.8,1,9.0,210.0,1103.0,5.3,10.0,10.0,93.0,9.3,0.0,220.0,1196.0,5.4,10.0,MAC,Central Michigan,5-9,215.0,4.65,35.5,116.0,False,225.0
Jay Ajayi,MIA,22,11.0,7,63.6%,90,0,5,54.5,8.2,0.8,10.0,9,0,49,187,1,8,36.7,3.8,20.8,0,12.666666666666666,226.0,1265.3333333333333,5.8999999999999995,16.666666666666668,24.333333333333332,257.0,11.6,1.6666666666666667,250.33333333333334,1522.3333333333333,6.266666666666667,18.333333333333332,MWC,Boise State,6-0,221.0,4.57,39.0,121.0,True,277.0
Mike Davis,SFO,22,13.0,7,53.8%,38,0,2,30.8,2.9,1.2,6.3,6,0,35,58,0,5,31.4,1.7,9.7,0,12.25,169.75,814.0,4.675,7.0,28.25,289.25,10.125,1.0,198.0,1103.25,5.475,8.0,SEC,South Carolina,5-9,217.0,4.61,34.0,116.0,True,222.0
Josh Robinson,IND,23,6.0,6,100.0%,33,0,2,83.3,5.5,1.2,6.6,5,0,17,39,0,0,23.5,2.3,7.8,1,13.0,190.0,1203.0,6.3,11.0,28.0,370.0,13.2,1.0,218.0,1573.0,7.2,12.0,SEC,Mississippi State,5-8,217.0,4.7,32.0,113.0,True,365.0
Cameron Artis-Payne,CAR,25,5.0,5,100.0%,58,0,4,100.0,11.6,0.7,8.3,7,0,45,183,1,6,35.6,4.1,26.1,0,13.0,197.0,1109.0,6.0,9.5,7.0,75.5,7.65,0.0,204.0,1184.5,6.15,9.5,SEC,Auburn,5-10,212.0,4.53,36.5,118.0,True,302.0
Tevin Coleman,ATL,22,11.0,2,18.2%,14,0,0,9.1,1.3,0.2,1.2,12,3,87,392,1,14,48.3,4.5,32.7,3,10.5,200.5,1497.0,7.4,13.5,22.0,167.0,7.8999999999999995,0.0,222.5,1664.0,7.550000000000001,13.5,Big Ten,Indiana,5-11,206.0,4.4,34.5,34.5,True,137.0
Malcolm Brown,STL,22,1.0,1,100.0%,-2,0,1,0.0,-2.0,1.0,-2.0,1,0,4,17,0,1,50.0,4.3,17.0,0,12.0,162.5,731.5,4.875,5.75,10.75,108.25,11.025,1.0,173.25,839.75,5.325,6.75,Big 12,Texas,5-11,224.0,4.62,34.5,117.0,False,225.0
David Cobb,TEN,22,2.0,1,50.0%,-2,0,0,0.0,-1.0,0.1,-0.3,7,1,52,146,1,6,32.7,2.8,20.9,0,13.0,275.5,1414.0,5.15,10.0,16.5,168.0,10.149999999999999,0.0,292.0,1582.0,5.4,10.0,Big Ten,Minnesota,5-11,229.0,4.81,38.5,121.0,True,266.0
Terrence Magee,BAL,22,1.0,1,100.0%,2,0,0,0.0,2.0,0.3,0.5,4,0,2,5,0,0,0.0,2.5,1.3,0,13.0,99.0,598.5,6.199999999999999,5.5,11.5,110.0,9.149999999999999,0.0,110.5,708.5,6.55,5.5,SEC,LSU,5-8,213.0,4.62,37.0,115.0,False,225.0
Ezekiel Elliott,DAL,21,39.0,32,82.1%,363,1,11,48.7,9.3,2.1,24.2,15,15,322,1631,15,95,55.3,5.1,108.7,5,14.0,281.0,1849.5,6.6,20.5,27.5,213.0,7.75,0.0,308.5,2062.5,6.7,20.5,Big Ten,Ohio State,6-0,225.0,4.47,32.5,118.0,True,4.0
Devontae Booker,DEN,24,45.0,31,68.9%,265,1,8,40.0,5.9,1.9,16.6,16,6,174,612,4,31,43.1,3.5,38.3,4,11.5,280.0,1386.5,4.95,10.5,40.0,312.0,7.85,1.0,320.0,1698.5,5.300000000000001,11.5,Pac-12,Utah,5-11,219.0,4.56,34.5,34.5,True,232.0
Kenneth Dixon,BAL,22,41.0,30,73.2%,162,1,7,34.1,4.0,2.5,13.5,12,0,88,382,2,30,53.4,4.3,31.8,1,11.75,200.25,1120.0,5.65,18.0,22.0,243.0,9.025,3.75,222.25,1363.0,6.175,21.75,CUSA,Louisiana Tech,5-10,215.0,4.56,37.5,121.0,True,230.0
Jordan Howard,CHI,22,50.0,29,58.0%,298,1,12,44.0,6.0,1.9,19.9,15,13,252,1313,6,73,48.8,5.2,87.5,2,10.666666666666666,215.66666666666666,1227.0,5.833333333333333,8.0,8.0,87.0,12.799999999999999,1.0,223.66666666666666,1314.0,6.066666666666666,9.0,Big Ten,Indiana,6-0,230.0,4.57,34.0,122.0,True,278.0
Josh Ferguson,IND,23,26.0,20,76.9%,136,0,5,42.3,5.2,1.3,8.5,16,0,15,20,0,0,13.3,1.3,1.3,1,11.0,122.75,633.5,5.05,4.5,41.5,373.25,8.875,2.0,164.25,1006.75,6.050000000000001,6.5,Big Ten,Illinois,5-9,198.0,4.48,34.5,120.0,False,225.0
C.J. Prosise,SEA,22,19.0,17,89.5%,208,0,8,52.6,10.9,2.8,34.7,6,2,30,172,1,4,53.3,5.7,28.7,0,11.0,156.0,1032.0,6.6,11.0,26.0,308.0,11.8,1.0,182.0,1340.0,7.4,12.0,Ind,Notre Dame,6-0,220.0,4.48,35.5,121.0,True,154.0
Paul Perkins,NYG,22,24.0,15,62.5%,162,0,6,33.3,6.8,1.1,11.6,14,1,112,456,0,24,43.8,4.1,32.6,1,13.0,207.33333333333334,1163.6666666666667,5.433333333333334,9.666666666666666,26.666666666666668,246.33333333333334,9.366666666666667,1.0,234.0,1410.0,5.933333333333334,10.666666666666666,Pac-12,UCLA,5-10,208.0,4.54,32.0,124.0,True,277.0
Derrick Henry,TEN,22,15.0,13,86.7%,137,0,5,46.7,9.1,0.9,9.1,15,2,110,490,5,29,54.5,4.5,32.7,0,14.5,283.5,1604.5,5.699999999999999,19.5,8.0,112.0,17.450000000000003,1.0,291.5,1716.5,6.0,20.5,SEC,Alabama,6-3,247.0,4.54,37.0,130.0,True,77.0
Alex Collins,SEA,22,11.0,11,100.0%,84,0,6,81.8,7.6,1.0,7.6,11,0,31,125,1,8,38.7,4.0,11.4,2,12.666666666666666,221.66666666666666,1234.3333333333333,5.533333333333334,12.0,9.0,55.666666666666664,5.333333333333333,0.0,230.66666666666666,1290.0,5.566666666666667,12.0,SEC,Arkansas,5-10,217.0,4.59,28.5,113.0,True,299.0
Kenyan Drake,MIA,22,10.0,9,90.0%,46,0,2,60.0,4.6,0.6,2.9,16,1,33,179,2,9,45.5,5.4,11.2,1,11.0,92.0,694.0,7.5,8.0,12.0,135.0,11.3,1.0,104.0,829.0,8.0,9.0,SEC,Alabama,6-1,210.0,4.45,34.5,123.0,True,137.0
Wendell Smallwood,PHI,22,13.0,6,46.2%,55,0,1,38.5,4.2,0.5,4.2,13,3,77,312,1,20,46.8,4.1,24.0,1,13.0,193.0,1120.5,5.65,5.5,28.5,243.0,8.35,0.0,221.5,1363.5,6.15,5.5,Big 12,West Virginia,5-10,208.0,4.47,33.5,120.0,True,281.0
Peyton Barber,TAM,22,6.0,5,83.3%,28,0,1,66.7,4.7,0.3,1.9,15,1,55,223,1,10,41.8,4.1,14.9,0,13.0,238.0,1017.0,4.3,13.0,11.0,112.0,10.2,0.0,249.0,1129.0,4.5,13.0,SEC,Auburn,5-10,228.0,4.64,32.5,111.0,False,225.0
Tyler Ervin,HOU,23,5.0,3,60.0%,18,0,0,40.0,3.6,0.3,1.5,12,0,1,3,0,0,0.0,3.0,0.3,3,12.5,226.0,1244.5,5.5,8.5,37.0,320.0,9.0,1.5,263.0,1564.5,6.050000000000001,10.0,MWC,San Jose State,5-10,192.0,4.41,39.0,130.0,True,215.0
Daniel Lasco,NOR,24,4.0,2,50.0%,11,0,0,50.0,2.8,0.3,1.6,7,0,11,32,0,1,45.5,2.9,4.6,0,12.0,210.0,1115.0,5.3,12.0,33.0,356.0,10.8,2.0,243.0,1471.0,6.1,14.0,Pac-12,California,6-0,209.0,4.46,41.5,135.0,True,429.0
Brandon Wilds,NYJ,23,2.0,2,100.0%,20,0,1,50.0,10.0,0.5,5.0,4,0,10,27,0,1,30.0,2.7,6.8,0,11.333333333333334,112.0,541.0,4.833333333333333,3.3333333333333335,16.666666666666668,140.33333333333334,8.466666666666667,0.3333333333333333,128.66666666666666,681.3333333333334,5.333333333333333,3.6666666666666665,SEC,South Carolina,6-1,220.0,4.54,36.5,118.0,False,225.0
Jonathan Williams,BUF,22,2.0,1,50.0%,0,0,0,0.0,0.0,0.1,0.0,11,0,27,94,1,6,40.7,3.5,8.5,2,12.5,180.5,1045.0,5.8,8.0,9.0,68.5,8.100000000000001,2.0,189.5,1113.5,5.95,10.0,SEC,Arkansas,5-11,220.0,4.56,34.5,34.5,True,284.0
Alvin Kamara,NOR,22,100.0,81,81.0%,826,5,38,56.0,8.3,5.1,51.6,16,3,120,728,8,42,50.8,6.1,45.5,1,12.0,105.0,647.0,6.15,8.0,37.0,341.5,9.2,3.5,142.0,988.5,6.95,11.5,SEC,Tennessee,5-10,214.0,4.56,39.5,131.0,True,131.0
Christian McCaffrey,CAR,21,113.0,80,70.8%,651,5,37,50.4,5.8,5.0,40.7,16,10,117,435,2,22,45.3,3.7,27.2,2,12.5,295.0,1811.0,6.15,10.5,41.0,477.5,11.350000000000001,4.0,336.0,2288.5,6.8,14.5,Pac-12,Stanford,5-11,202.0,4.48,37.5,121.0,True,8.0
Kareem Hunt,KAN,22,63.0,53,84.1%,455,3,17,49.2,7.2,3.3,28.4,16,16,272,1327,8,63,43.8,4.9,82.9,1,11.0,195.5,1236.25,6.35,11.0,18.25,138.75,5.975,0.25,213.75,1375.0,6.425,11.25,MAC,Toledo,5-10,216.0,4.62,36.5,119.0,True,150.0
Leonard Fournette,JAX,22,48.0,36,75.0%,302,1,18,56.3,6.3,2.8,23.2,13,13,268,1040,9,51,43.3,3.9,80.0,2,10.666666666666666,205.33333333333334,1276.6666666666667,6.166666666666667,13.333333333333334,13.666666666666666,175.33333333333334,13.700000000000001,0.3333333333333333,219.0,1452.0,6.6000000000000005,13.666666666666666,SEC,LSU,6-0,240.0,4.51,28.5,34.5,True,4.0
Wayne Gallman,NYG,23,48.0,34,70.8%,193,1,8,43.8,4.0,2.6,14.8,13,1,111,476,0,24,51.4,4.3,36.6,3,14.0,225.33333333333334,1143.0,5.033333333333334,11.333333333333334,21.666666666666668,157.66666666666666,7.3999999999999995,0.6666666666666666,247.0,1300.6666666666667,5.166666666666667,12.0,ACC,Clemson,6-0,215.0,4.6,29.5,120.0,True,236.0
Jamaal Williams,GNB,22,34.0,25,73.5%,262,2,12,52.9,7.7,1.6,16.4,16,7,153,556,4,32,48.4,3.6,34.8,0,10.75,181.5,975.25,5.275,8.75,15.0,141.75,8.975,0.25,196.5,1117.0,5.55,9.0,Ind,BYU,6-0,212.0,4.59,30.0,123.0,True,230.0
Samaje Perine,WAS,22,24.0,22,91.7%,182,1,9,75.0,7.6,1.4,11.4,16,8,175,603,1,23,41.1,3.4,37.7,2,12.0,228.33333333333334,1374.0,5.966666666666666,16.333333333333332,13.333333333333334,107.0,8.299999999999999,0.6666666666666666,241.66666666666666,1481.0,6.1000000000000005,17.0,Big 12,Oklahoma,5-11,233.0,4.65,33.0,116.0,True,210.0
Marlon Mack,IND,21,33.0,21,63.6%,225,1,10,45.5,6.8,1.5,16.1,14,0,93,358,3,20,40.9,3.8,25.6,1,12.0,195.33333333333334,1203.0,6.2,10.666666666666666,21.666666666666668,166.0,7.533333333333334,0.3333333333333333,217.0,1369.0,6.333333333333333,11.0,American,South Florida,5-11,213.0,4.5,35.5,125.0,True,239.0
Elijah McGuire,NYJ,23,26.0,17,65.4%,177,1,10,42.3,6.8,1.1,11.1,16,2,88,315,1,14,30.7,3.6,19.7,2,12.75,177.75,1078.0,6.475,10.5,32.25,345.75,11.25,2.5,210.0,1423.75,7.25,13.0,Sun Belt,Louisiana,5-10,214.0,4.53,36.0,120.0,True,348.0
Dalvin Cook,MIN,22,16.0,11,68.8%,90,0,3,43.8,5.6,2.8,22.5,4,4,74,354,2,16,51.4,4.8,88.5,1,12.666666666666666,229.0,1488.0,6.466666666666666,15.333333333333334,26.333333333333332,311.6666666666667,11.4,0.6666666666666666,255.33333333333334,1799.6666666666667,6.966666666666666,16.0,ACC,Florida State,5-10,210.0,4.49,30.5,116.0,True,73.0
Corey Clement,PHI,23,15.0,10,66.7%,123,2,6,53.3,8.2,0.6,7.7,16,0,74,321,4,19,48.6,4.3,20.1,0,13.5,230.5,1162.0,5.45,12.0,13.0,125.5,9.75,1.0,243.5,1287.5,5.6,13.0,Big Ten,Wisconsin,5-10,220.0,4.68,28.5,115.0,False,225.0
Aaron Jones,GNB,23,18.0,9,50.0%,22,0,2,11.1,1.2,0.8,1.8,12,4,81,448,4,23,53.1,5.5,37.3,0,11.0,208.66666666666666,1301.6666666666667,6.133333333333333,10.666666666666666,20.666666666666668,180.0,7.2,2.0,229.33333333333334,1481.6666666666667,6.3,12.666666666666666,CUSA,Texas-El Paso,5-9,208.0,4.56,37.5,127.0,True,310.0
Chris Carson,SEA,23,8.0,7,87.5%,59,1,3,75.0,7.4,1.8,14.8,4,3,49,208,0,13,40.8,4.2,52.0,0,10.5,106.5,538.0,5.35,6.5,15.0,149.0,9.9,0.5,121.5,687.0,5.9,7.0,Big 12,Oklahoma State,6-0,218.0,4.58,37.0,130.0,True,441.0
D'Onta Foreman,HOU,21,8.0,6,75.0%,83,0,4,62.5,10.4,0.6,8.3,10,1,78,327,2,13,39.7,4.2,32.7,2,10.5,209.0,1354.5,6.75,10.0,6.0,69.5,11.75,0.0,215.0,1424.0,6.95,10.0,Big 12,Texas,6-0,233.0,4.54,34.5,34.5,True,153.0
Brian Hill,2TM,22,2.0,2,100.0%,36,0,0,50.0,18.0,0.3,5.1,7,0,11,37,0,0,45.5,3.4,5.3,0,12.666666666666666,258.3333333333333,1429.0,5.533333333333334,11.666666666666666,13.666666666666666,134.33333333333334,10.233333333333333,0.0,272.0,1563.3333333333333,5.866666666666667,11.666666666666666,MWC,Wyoming,6-1,219.0,4.54,34.0,125.0,True,284.0
James Conner,PIT,22,1.0,0,0.0%,0,0,0,0.0,0.0,0.0,0.0,14,0,32,144,0,4,50.0,4.5,10.3,0,12.666666666666666,220.0,1218.6666666666667,5.5,16.666666666666668,9.666666666666666,135.0,13.133333333333333,1.3333333333333333,229.66666666666666,1353.6666666666667,5.866666666666667,18.0,ACC,Pittsburgh,6-1,233.0,4.65,29.0,113.0,True,169.0
Saquon Barkley,NYG,21,121.0,91,75.2%,721,4,30,38.0,6.0,5.7,45.1,16,16,261,1307,11,50,39.8,5.0,81.7,0,12.666666666666666,223.66666666666666,1281.0,5.766666666666667,14.333333333333334,34.0,398.3333333333333,11.4,2.6666666666666665,257.6666666666667,1679.3333333333333,6.466666666666666,17.0,Big Ten,Penn State,6-0,233.0,4.4,41.0,34.5,True,2.0
Nyheim Hines,IND,22,81.0,63,77.8%,425,2,29,46.9,5.2,3.9,26.6,16,4,85,314,2,17,45.9,3.7,19.6,1,13.0,197.0,1112.0,5.6,12.0,26.0,152.0,5.8,0.0,223.0,1264.0,5.7,12.0,ACC,North Carolina State,5-8,198.0,4.38,35.5,119.0,True,200.0
Kerryon Johnson,DET,21,39.0,32,82.1%,213,1,11,53.8,5.5,3.2,21.3,10,7,118,641,3,32,52.5,5.4,64.1,1,12.0,233.5,1143.0,4.9,14.5,20.5,159.5,7.75,1.0,254.0,1302.5,5.1,15.5,SEC,Auburn,5-11,213.0,4.54,40.0,126.0,True,75.0
Nick Chubb,CLE,23,29.0,20,69.0%,149,2,5,41.4,5.1,1.3,9.3,16,9,192,996,8,47,47.9,5.2,62.3,0,11.75,189.5,1192.25,6.55,11.0,7.75,90.25,11.125,1.0,197.25,1282.5,6.725,12.0,SEC,Georgia,5-11,227.0,4.52,38.5,128.0,True,67.0
Jordan Wilkins,IND,24,17.0,16,94.1%,85,0,2,64.7,5.0,1.0,5.3,16,3,60,336,1,15,56.7,5.6,21.0,2,12.0,155.0,1011.0,6.5,9.0,26.0,241.0,9.3,1.0,181.0,1252.0,6.9,10.0,SEC,Mississippi,6-1,216.0,4.54,36.0,117.0,True,297.0
Justin Jackson,LAC,22,19.0,15,78.9%,135,0,5,47.4,7.1,1.2,10.4,13,1,50,206,2,13,50.0,4.1,15.8,0,12.75,285.5,1360.0,4.75,10.25,30.5,214.5,7.35,0.25,316.0,1574.5,4.975,10.5,Big Ten,Northwestern,6-0,199.0,4.52,38.5,122.0,True,443.0
Royce Freeman,DEN,22,20.0,14,70.0%,72,0,2,45.0,3.6,1.0,5.1,14,8,130,521,5,30,46.2,4.0,37.2,1,12.75,236.75,1405.25,5.875,15.0,19.75,203.5,10.325,1.0,256.5,1608.75,6.225,16.0,Pac-12,Oregon,5-11,229.0,4.54,34.0,118.0,True,135.0
Kalen Ballage,MIA,23,11.0,9,81.8%,56,0,2,45.5,5.1,0.8,4.7,12,0,36,191,1,10,44.4,5.3,15.9,1,11.666666666666666,136.0,619.3333333333334,4.6000000000000005,8.0,25.333333333333332,206.66666666666666,6.766666666666666,0.3333333333333333,161.33333333333334,826.0,5.133333333333334,8.333333333333334,Pac-12,Arizona State,6-1,228.0,4.46,33.5,122.0,True,227.0
Rashaad Penny,SEA,22,12.0,9,75.0%,75,0,3,25.0,6.3,0.6,5.4,14,0,85,419,2,18,38.8,4.9,29.9,0,13.5,212.5,1633.0,7.65,17.0,17.0,179.5,11.0,2.5,229.5,1812.5,7.949999999999999,19.5,MWC,San Diego State,5-11,220.0,4.46,32.5,120.0,True,27.0
Josh Adams,PHI,22,13.0,7,53.8%,58,0,3,38.5,4.5,0.5,4.1,14,5,120,511,3,23,46.7,4.3,36.5,1,12.142857142857142,146.57142857142858,772.8571428571429,5.128571428571428,6.0,18.0,135.28571428571428,7.685714285714285,0.42857142857142855,164.57142857142858,908.1428571428571,5.471428571428571,6.428571428571429,Ind,Notre Dame,6-2,213.0,4.54,34.5,34.5,False,225.0
Sony Michel,NWE,23,11.0,7,63.6%,50,0,3,45.5,4.5,0.5,3.8,13,8,209,931,6,54,51.2,4.5,71.6,1,13.0,175.66666666666666,1076.0,6.233333333333333,9.333333333333334,19.0,171.66666666666666,9.299999999999999,1.6666666666666667,194.66666666666666,1247.6666666666667,6.5,11.0,SEC,Georgia,5-11,214.0,4.54,34.5,34.5,True,31.0
Mark Walton,CIN,21,8.0,5,62.5%,41,0,1,12.5,5.1,0.4,2.9,14,0,14,34,0,5,35.7,2.4,2.4,0,13.0,169.0,783.5,4.4,11.5,24.5,266.5,11.100000000000001,1.0,193.5,1050.0,5.35,12.5,ACC,Miami (FL),5-10,202.0,4.6,31.5,118.0,True,208.0
Darrel Williams,KAN,23,3.0,3,100.0%,27,1,1,66.7,9.0,0.5,4.5,6,0,13,44,0,3,53.8,3.4,7.3,0,13.0,145.0,820.0,5.7,9.0,23.0,331.0,14.4,0.0,168.0,1151.0,6.9,9.0,SEC,LSU,6-0,225.0,4.72,32.0,109.0,False,225.0
John Kelly,LAR,22,3.0,2,66.7%,27,0,1,66.7,9.0,0.5,6.8,4,0,27,74,0,6,40.7,2.7,18.5,0,11.5,143.5,704.0,5.25,7.0,21.5,175.0,8.3,0.0,165.0,879.0,5.65,7.0,SEC,Tennessee,5-10,216.0,4.54,35.0,120.0,True,336.0
Miles Sanders,PHI,22,63.0,50,79.4%,509,3,19,49.2,8.1,3.1,31.8,16,11,179,818,3,30,44.7,4.6,51.1,2,13.0,220.0,1274.0,5.8,9.0,24.0,139.0,5.8,0.0,244.0,1413.0,5.8,9.0,Big Ten,Penn State,5-11,211.0,4.49,36.0,124.0,True,85.0
Devin Singletary,BUF,22,41.0,29,70.7%,194,2,5,29.3,4.7,2.4,16.2,12,8,151,775,2,37,49.0,5.1,64.6,4,12.666666666666666,238.0,1429.6666666666667,6.1000000000000005,22.0,17.0,132.33333333333334,7.566666666666667,0.3333333333333333,255.0,1562.0,6.166666666666667,22.333333333333332,CUSA,Florida Atlantic,5-7,203.0,4.66,35.0,117.0,True,138.0
David Montgomery,CHI,22,35.0,25,71.4%,185,1,7,42.9,5.3,1.6,11.6,16,8,242,889,6,50,43.4,3.7,55.6,2,12.333333333333334,208.0,975.0,4.766666666666667,8.666666666666666,23.666666666666668,194.0,8.4,0.0,231.66666666666666,1169.0,5.166666666666667,8.666666666666666,Big 12,Iowa State,5-10,222.0,4.63,28.5,121.0,True,137.0
Ryquell Armstead,JAX,23,24.0,14,58.3%,144,2,9,54.2,6.0,0.9,9.0,16,1,35,108,0,5,28.6,3.1,6.8,0,12.0,174.0,873.6666666666666,5.0,10.666666666666666,9.0,56.0,6.7,0.0,183.0,929.6666666666666,5.1000000000000005,10.666666666666666,American,Temple,5-11,220.0,4.45,30.0,114.0,True,268.0
Travis Homer,SEA,21,13.0,11,84.6%,56,0,3,46.2,4.3,0.7,3.5,16,1,18,114,0,6,50.0,6.3,7.1,0,13.0,163.5,975.5,5.95,6.0,18.5,202.5,11.0,0.5,182.0,1178.0,6.45,6.5,ACC,Miami (FL),5-10,201.0,4.48,39.5,130.0,True,364.0
Alexander Mattison,MIN,21,12.0,10,83.3%,82,0,3,50.0,6.8,0.8,6.3,13,0,100,462,1,19,37.0,4.6,35.5,1,13.5,257.0,1250.5,4.9,14.5,27.5,228.5,8.25,0.5,284.5,1479.0,5.25,15.0,MWC,Boise State,5-11,221.0,4.67,35.0,127.0,True,166.0
Justice Hill,BAL,22,15.0,8,53.3%,70,0,5,53.3,4.7,0.5,4.4,16,0,58,225,2,10,36.2,3.9,14.1,0,12.0,210.66666666666666,1179.6666666666667,5.633333333333333,10.0,16.333333333333332,101.33333333333333,6.833333333333333,0.3333333333333333,227.0,1281.0,5.633333333333333,10.333333333333334,Big 12,Oklahoma State,5-10,198.0,4.4,40.0,130.0,True,209.0
Myles Gaskin,MIA,22,12.0,7,58.3%,51,0,2,41.7,4.3,1.0,7.3,7,0,36,133,1,7,38.9,3.7,19.0,0,13.0,236.25,1330.75,5.65,14.25,16.25,116.25,6.575,1.25,252.5,1447.0,5.775,15.5,Pac-12,Washington,5-9,205.0,4.58,35.5,118.0,True,426.0
Darrell Henderson,LAR,22,6.0,4,66.7%,37,0,1,66.7,6.2,0.3,2.8,13,0,39,147,0,10,41.0,3.8,11.3,0,12.666666666666666,143.66666666666666,1181.6666666666667,7.766666666666667,12.0,21.0,252.66666666666666,12.266666666666666,2.6666666666666665,164.66666666666666,1434.3333333333333,8.4,14.666666666666666,American,Memphis,5-8,208.0,4.49,33.5,121.0,True,134.0
Qadree Ollison,ATL,23,2.0,1,50.0%,7,0,1,50.0,3.5,0.1,0.9,8,0,22,50,4,6,45.5,2.3,6.3,1,13.0,165.33333333333334,910.6666666666666,5.333333333333333,9.0,16.0,112.33333333333333,6.633333333333333,1.0,181.33333333333334,1023.0,5.566666666666666,10.0,ACC,Pittsburgh,6-1,228.0,4.58,29.5,114.0,True,280.0
D'Andre Swift,DET,21,57.0,46,80.7%,357,2,15,47.4,6.3,3.5,27.5,13,4,114,521,8,31,54.4,4.6,40.1,3,14.0,179.5,1133.5,6.300000000000001,8.5,28.0,256.5,9.15,2.0,207.5,1390.0,6.7,10.5,SEC,Georgia,5-8,212.0,4.48,35.5,121.0,True,67.0
Clyde Edwards-Helaire,KAN,21,54.0,36,66.7%,297,1,12,44.4,5.5,2.8,22.8,13,13,181,803,4,39,52.5,4.4,61.8,0,14.0,180.5,1036.0,5.55,11.5,33.0,274.5,8.45,0.5,213.5,1310.5,5.85,12.0,SEC,LSU,5-7,207.0,4.6,39.5,123.0,True,32.0
Jonathan Taylor,IND,21,39.0,36,92.3%,299,1,12,51.3,7.7,2.4,19.9,15,13,232,1169,11,69,52.2,5.0,77.9,1,13.666666666666666,308.6666666666667,2058.0,6.666666666666667,16.666666666666668,14.0,135.66666666666666,9.700000000000001,1.6666666666666667,322.6666666666667,2193.6666666666665,6.8,18.333333333333332,Big Ten,Wisconsin,5-10,226.0,4.39,36.0,123.0,True,73.0
Joshua Kelley,LAC,23,23.0,23,100.0%,148,0,9,56.5,6.4,1.6,10.6,14,0,111,354,2,20,43.2,3.2,25.3,2,11.0,227.0,1151.5,5.05,12.0,19.0,132.0,6.8,0.5,246.0,1283.5,5.2,12.5,Pac-12,UCLA,5-11,212.0,4.49,31.0,121.0,True,208.0
J.K. Dobbins,BAL,22,24.0,18,75.0%,120,0,4,37.5,5.0,1.2,8.0,15,1,134,805,9,38,56.7,6.0,53.7,2,14.0,241.66666666666666,1486.3333333333333,6.166666666666667,12.666666666666666,23.666666666666668,215.0,8.966666666666667,1.6666666666666667,265.3333333333333,1701.3333333333333,6.366666666666667,14.333333333333334,Big Ten,Ohio State,5-9,209.0,4.54,34.5,34.5,True,87.0
Zack Moss,BUF,23,18.0,14,77.8%,95,1,5,55.6,5.3,1.1,7.3,13,0,112,481,4,30,50.9,4.3,37.0,0,11.25,178.0,1016.75,5.525,9.5,16.5,171.25,8.15,0.75,194.5,1188.0,5.825,10.25,Pac-12,Utah,5-9,223.0,4.65,33.0,34.5,True,150.0
Salvon Ahmed,MIA,22,14.0,11,78.6%,61,0,2,28.6,4.4,1.8,10.2,6,4,75,319,3,18,58.7,4.3,53.2,0,13.0,146.0,814.0,5.6,9.0,18.5,127.0,6.699999999999999,0.0,164.5,941.0,5.800000000000001,9.0,Pac-12,Washington,5-11,197.0,4.62,34.5,120.0,False,225.0
Cam Akers,LAR,21,14.0,11,78.6%,123,1,4,42.9,8.8,0.8,9.5,13,5,145,625,2,26,49.0,4.3,48.1,1,12.0,195.33333333333334,958.0,4.8999999999999995,9.0,23.0,162.0,7.033333333333334,2.3333333333333335,218.33333333333334,1120.0,5.066666666666666,11.333333333333334,ACC,Florida State,5-10,217.0,4.47,35.5,122.0,True,84.0
Ke'Shawn Vaughn,TAM,23,10.0,5,50.0%,34,1,2,30.0,3.4,0.5,3.4,10,0,26,109,0,5,42.3,4.2,10.9,1,11.666666666666666,170.66666666666666,998.3333333333334,5.8999999999999995,9.0,19.333333333333332,191.66666666666666,10.133333333333333,1.0,190.0,1190.0,6.333333333333333,10.0,SEC,Vanderbilt,5-10,214.0,4.51,32.0,117.0,True,140.0
AJ Dillon,GNB,22,2.0,2,100.0%,21,0,1,100.0,10.5,0.2,1.9,11,0,46,242,2,11,52.2,5.3,22.0,0,12.0,281.6666666666667,1460.6666666666667,5.166666666666667,12.666666666666666,7.0,78.66666666666667,10.05,0.6666666666666666,288.6666666666667,1539.3333333333333,5.3,13.333333333333334,ACC,Boston College,6-0,247.0,4.53,41.0,131.0,True,94.0
Darrynton Evans,TEN,22,4.0,2,50.0%,27,1,2,50.0,6.8,0.4,5.4,5,0,14,54,0,2,57.1,3.9,10.8,0,13.5,217.0,1333.5,6.199999999999999,12.5,16.5,142.5,8.35,3.0,233.5,1476.0,6.4,15.5,Sun Belt,Appalachian State,5-10,203.0,4.41,37.0,125.0,True,157.0
LeVante Bellamy,DEN,24,1.0,1,100.0%,5,0,0,100.0,5.0,0.2,1.0,5,0,4,11,0,0,25.0,2.8,2.2,0,13.0,235.5,1350.0,5.75,14.5,22.5,120.0,4.95,0.5,258.0,1470.0,5.7,15.0,MAC,Western Michigan,5-9,192.0,4.5,39.5,125.0,False,225.0
Scottie Phillips,HOU,23,1.0,1,100.0%,7,0,0,100.0,7.0,0.1,0.9,8,0,2,9,0,0,50.0,4.5,1.1,0,10.5,139.0,735.0,5.199999999999999,8.5,9.0,91.0,10.05,1.5,148.0,826.0,5.5,10.0,SEC,Mississippi,5-8,209.0,4.56,30.0,114.0,False,225.0
J.J. Taylor,NWE,22,2.0,1,50.0%,4,0,0,50.0,2.0,0.2,0.7,6,0,23,110,0,5,52.2,4.8,18.3,0,12.0,183.0,1000.6666666666666,5.433333333333334,5.333333333333333,20.0,157.0,7.133333333333333,0.6666666666666666,203.0,1157.6666666666667,5.7,6.0,Pac-12,Arizona,5-5,185.0,4.61,34.5,118.0,False,225.0
Javonte Williams,DEN,21,53.0,43,81.1%,316,3,12,37.7,6.0,2.5,18.6,17,1,203,903,4,52,46.3,4.4,53.1,2,12.0,161.5,1036.5,6.449999999999999,12.0,21.0,240.5,11.3,2.0,182.5,1277.0,7.0,14.0,ACC,North Carolina,5-9,212.0,4.55,36.0,123.0,True,67.0
Michael Carter,NYJ,22,55.0,36,65.5%,325,0,16,47.3,5.9,2.6,23.2,14,11,147,639,4,29,51.0,4.3,45.6,1,11.0,128.5,850.75,6.65,5.5,20.5,164.0,8.125,1.5,149.0,1014.75,6.75,7.0,ACC,North Carolina,5-7,201.0,4.5,34.0,119.0,True,203.0
Chuba Hubbard,CAR,22,37.0,25,67.6%,174,1,8,40.5,4.7,1.5,10.2,17,10,172,612,5,36,43.0,3.6,36.0,1,11.0,195.0,1153.0,5.7,11.0,17.666666666666668,159.66666666666666,8.5,1.0,212.66666666666666,1312.6666666666667,5.966666666666666,12.0,Big 12,Oklahoma St.,6-0,210.0,4.48,36.0,120.0,True,222.0
Elijah Mitchell,SFO,23,20.0,19,95.0%,137,1,6,50.0,6.9,1.7,12.5,11,10,207,963,5,47,49.8,4.7,87.5,0,12.666666666666666,161.33333333333334,1000.6666666666666,6.233333333333333,12.333333333333334,15.333333333333334,190.66666666666666,11.366666666666667,1.3333333333333333,176.66666666666666,1191.3333333333333,6.833333333333333,13.666666666666666,Sun Belt,Louisiana,5-10,201.0,4.38,37.5,128.0,True,354.0
Chris Evans,CIN,24,17.0,15,88.2%,151,2,6,58.8,8.9,1.1,10.8,14,1,17,77,0,3,41.2,4.5,5.5,0,13.0,111.5,649.5,6.05,5.0,11.0,122.0,12.15,0.5,122.5,771.5,6.55,5.5,Big Ten,Michigan,5-11,211.0,4.5,40.5,127.0,True,362.0
Khalil Herbert,CHI,23,16.0,14,87.5%,96,0,6,50.0,6.0,0.8,5.6,17,2,103,433,2,24,50.5,4.2,25.5,1,11.333333333333334,129.0,781.3333333333334,5.866666666666667,5.666666666666667,9.0,85.33333333333333,9.0,0.3333333333333333,138.0,866.6666666666666,6.066666666666667,6.0,ACC,Virginia Tech,5-8,210.0,4.46,33.0,115.0,True,377.0
Rhamondre Stevenson,NWE,23,18.0,14,77.8%,123,0,3,50.0,6.8,1.2,10.3,12,2,133,606,5,33,57.9,4.6,50.5,2,6.0,101.0,665.0,6.6,7.0,18.0,211.0,11.7,0.0,119.0,876.0,7.4,7.0,Big 12,Oklahoma,5-11,231.0,4.64,31.5,112.0,True,216.0
Jaret Patterson,WAS,22,11.0,10,90.9%,73,0,5,54.5,6.6,0.6,4.3,17,1,68,266,2,15,50.0,3.9,15.6,1,11.0,212.0,1294.6666666666667,6.3,17.333333333333332,6.666666666666667,90.33333333333333,12.5,0.3333333333333333,218.66666666666666,1385.0,6.5,17.666666666666668,MAC,Buffalo,5-6,195.0,4.59,30.0,117.0,False,225.0
Jermar Jefferson,DET,21,5.0,4,80.0%,23,0,2,60.0,4.6,0.6,3.3,7,0,15,74,2,4,53.3,4.9,10.6,0,9.0,171.33333333333334,974.3333333333334,5.7,9.0,14.333333333333334,99.66666666666667,7.566666666666667,0.6666666666666666,185.66666666666666,1074.0,5.8,9.666666666666666,Pac-12,Oregon St.,5-10,206.0,4.57,31.0,115.0,True,449.0
Trey Sermon,SFO,22,4.0,3,75.0%,26,0,1,25.0,6.5,0.3,2.9,9,2,41,167,1,9,56.1,4.1,18.6,0,12.0,133.66666666666666,853.6666666666666,6.466666666666666,7.333333333333333,13.333333333333334,138.33333333333334,10.566666666666666,0.6666666666666666,147.0,992.0,6.766666666666667,8.0,Big Ten,Ohio St.,6-0,215.0,4.57,37.0,125.0,True,152.0
Trey Ragas,LVR,25,2.0,2,100.0%,6,0,0,50.0,3.0,2.0,6.0,1,0,1,9,0,1,100.0,9.0,9.0,0,12.25,149.0,893.0,6.075,9.5,12.25,106.75,8.65,1.25,161.25,999.75,6.275,10.75,Sun Belt,Louisiana,5-10,214.0,4.6,33.5,117.0,False,225.0
Gary Brightwell,NYG,22,1.0,1,100.0%,6,0,0,100.0,6.0,0.1,0.5,13,0,1,4,0,0,100.0,4.0,0.3,0,8.0,89.5,457.5,5.1,2.0,7.5,31.0,4.3,0.0,97.0,488.5,5.050000000000001,2.0,Pac-12,Arizona,5-10,218.0,4.62,34.5,118.0,True,356.0
Kylin Hill,GNB,23,2.0,1,50.0%,5,0,0,50.0,2.5,0.1,0.6,8,0,10,24,0,1,20.0,2.4,3.0,0,12.0,179.5,1042.0,5.949999999999999,7.0,20.0,178.0,9.0,2.5,199.5,1220.0,6.2,9.5,SEC,Mississippi St.,5-10,214.0,4.51,36.0,122.0,True,448.0
Mekhi Sargent,3TM,24,1.0,0,0.0%,0,0,0,0.0,0.0,0.0,0.0,7,0,5,11,0,1,20.0,2.2,1.6,0,11.333333333333334,118.0,580.0,5.033333333333334,6.666666666666667,10.666666666666666,100.0,8.366666666666667,0.3333333333333333,128.66666666666666,680.0,5.366666666666667,7.0,Big Ten,Iowa,5-8,208.0,4.62,33.5,114.0,False,225.0
Rachaad White,TAM,23,58.0,50,86.2%,290,2,13,53.4,5.0,2.9,17.1,17,8,129,481,1,27,49.6,3.7,28.3,3,7.5,112.0,713.0,7.75,10.0,25.5,303.5,14.75,1.0,137.5,1016.5,8.95,11.0,Pac-12,Arizona St.,6-0,214.0,4.48,38.0,125.0,True,155.0
Dameon Pierce,HOU,22,39.0,30,76.9%,165,1,7,43.6,4.2,2.3,12.7,13,13,220,939,4,54,47.7,4.3,72.2,4,12.5,103.0,538.5,5.2,8.5,18.0,186.0,10.3,2.0,121.0,724.5,6.0,10.5,SEC,Florida,5-10,218.0,4.59,34.5,119.0,True,203.0
Jaylen Warren,PIT,24,33.0,28,84.8%,214,0,14,51.5,6.5,1.8,13.4,16,0,77,379,1,20,53.2,4.9,23.7,1,9.666666666666666,135.66666666666666,679.0,5.466666666666666,6.333333333333333,15.0,146.66666666666666,9.233333333333333,0.0,150.66666666666666,825.6666666666666,5.833333333333333,6.333333333333333,Big 12,Oklahoma St.,5-8,204.0,4.55,31.5,119.0,False,225.0
James Cook,BUF,23,32.0,21,65.6%,180,1,5,46.9,5.6,1.3,11.3,16,0,89,507,2,25,50.6,5.7,31.7,1,15.0,113.0,728.0,6.4,7.0,27.0,284.0,10.5,4.0,140.0,1012.0,7.2,11.0,SEC,Georgia,5-11,199.0,4.42,33.0,124.0,True,95.0
Breece Hall,NYJ,21,31.0,19,61.3%,218,1,8,35.5,7.0,2.7,31.1,7,2,80,463,4,20,50.0,5.8,66.1,1,12.0,239.33333333333334,1311.0,5.3999999999999995,16.666666666666668,27.333333333333332,244.66666666666666,9.066666666666666,2.0,266.6666666666667,1555.6666666666667,5.8,18.666666666666668,Big 12,Iowa St.,5-11,217.0,4.39,40.0,126.0,True,68.0
Tyler Allgeier,ATL,22,17.0,16,94.1%,139,1,8,58.8,8.2,1.0,8.7,16,7,210,1035,3,53,51.9,4.9,64.7,0,12.0,213.0,1368.0,6.65,18.0,21.0,186.5,9.75,0.0,234.0,1554.5,6.95,18.0,Ind,BYU,5-11,224.0,4.6,33.0,120.0,True,279.0
Zonovan Knight,NYJ,21,14.0,13,92.9%,100,0,5,71.4,7.1,1.9,14.3,7,4,85,300,1,14,38.8,3.5,42.9,2,12.0,139.66666666666666,762.0,5.466666666666666,6.0,16.0,112.33333333333333,6.866666666666667,0.0,155.66666666666666,874.3333333333334,5.6000000000000005,6.0,ACC,North Carolina St.,5-11,209.0,4.58,31.0,114.0,False,225.0
Isiah Pacheco,KAN,23,14.0,13,92.9%,130,0,7,64.3,9.3,0.8,7.6,17,11,170,830,5,37,57.1,4.9,48.8,4,11.0,140.75,610.5,4.4,4.5,11.75,62.25,5.15,0.25,152.5,672.75,4.5,4.75,Big Ten,Rutgers,5-10,216.0,4.37,33.0,118.0,True,443.0
Hassan Haskins,TEN,23,12.0,11,91.7%,57,0,2,25.0,4.8,0.7,3.8,15,1,25,93,0,5,44.0,3.7,6.2,0,11.0,150.66666666666666,774.6666666666666,5.366666666666667,10.0,8.0,57.0,7.0,0.0,158.66666666666666,831.6666666666666,5.466666666666666,10.0,Big Ten,Michigan,6-2,228.0,4.54,34.5,34.5,True,227.0
Kyren Williams,LAR,22,12.0,9,75.0%,76,0,5,58.3,6.3,0.9,7.6,10,0,35,139,0,6,42.9,4.0,13.9,0,12.0,207.5,1063.5,5.1,13.5,38.5,336.0,8.7,2.0,246.0,1399.5,5.65,15.5,Ind,Notre Dame,5-9,194.0,4.65,32.0,116.0,True,292.0
Ronnie Rivers,LAR,23,5.0,5,100.0%,29,0,1,80.0,5.8,0.6,3.6,8,1,9,21,0,1,44.4,2.3,2.6,0,10.6,134.2,683.4,5.1,8.0,30.0,283.4,9.42,2.2,164.2,966.8,5.88,10.2,MWC,Fresno St.,5-8,195.0,4.6,36.5,119.0,False,225.0
Keaontay Ingram,ARI,23,5.0,4,80.0%,21,0,1,20.0,4.2,0.3,1.8,12,0,27,60,1,4,25.9,2.2,5.0,0,12.0,147.33333333333334,824.0,5.566666666666666,5.0,26.0,189.33333333333334,7.233333333333334,1.6666666666666667,173.33333333333334,1013.3333333333334,5.833333333333333,6.666666666666667,Pac-12,USC,6-0,221.0,4.53,34.5,122.0,True,361.0
Isaiah Spiller,LAC,21,3.0,3,100.0%,13,0,0,33.3,4.3,0.5,2.2,6,0,18,41,0,2,22.2,2.3,6.8,0,11.666666666666666,180.33333333333334,997.6666666666666,5.5,8.333333333333334,24.666666666666668,195.0,8.1,0.3333333333333333,205.0,1192.6666666666667,5.833333333333333,8.666666666666666,SEC,Texas A&M,6-0,217.0,4.54,30.0,114.0,True,219.0
Trestan Ebner,CHI,23,8.0,2,25.0%,8,0,0,25.0,1.0,0.1,0.5,17,0,24,54,0,2,33.3,2.3,3.2,2,14.0,148.0,799.0,5.4,2.0,28.0,284.0,10.1,2.0,176.0,1083.0,6.2,4.0,Big 12,Baylor,5-11,206.0,4.43,30.0,34.5,True,363.0
Tyler Badie,DEN,22,1.0,1,100.0%,24,1,1,100.0,24.0,1.0,24.0,1,0,1,0,0,0,0.0,0.0,0.0,0,12.0,155.0,832.6666666666666,5.033333333333334,6.333333333333333,32.666666666666664,272.0,9.333333333333334,3.0,187.66666666666666,1104.6666666666667,5.8,9.333333333333334,SEC,Missouri,5-8,197.0,4.45,33.5,121.0,True,356.0
Tyrion Davis-Price,SFO,22,2.0,0,0.0%,0,0,0,0.0,0.0,0.0,0.0,6,0,34,99,0,5,32.4,2.9,16.5,0,10.5,157.5,724.5,4.55,4.5,9.0,55.5,6.15,0.0,166.5,780.0,4.6,4.5,SEC,LSU,6-0,211.0,4.48,30.0,117.0,True,157.0
Bijan Robinson,ATL,21,86.0,58,67.4%,487,4,24,45.3,5.7,3.4,28.6,17,16,214,976,4,50,43.5,4.6,57.4,4,10.333333333333334,179.66666666666666,1136.6666666666667,6.699999999999999,11.0,20.0,268.3333333333333,13.633333333333333,2.6666666666666665,199.66666666666666,1405.0,7.366666666666667,13.666666666666666,Big 12,Texas,5-11,215.0,4.46,37.0,124.0,True,8.0
Jahmyr Gibbs,DET,21,71.0,52,73.2%,316,1,20,46.5,4.5,3.5,21.1,15,3,182,945,10,42,46.7,5.2,63.0,2,10.333333333333334,127.66666666666667,710.6666666666666,5.5,5.0,34.666666666666664,405.6666666666667,11.933333333333332,2.6666666666666665,162.33333333333334,1116.3333333333333,6.866666666666667,7.666666666666667,SEC,Alabama,5-9,199.0,4.36,33.5,34.5,True,12.0
Tyjae Spears,TEN,22,70.0,52,74.3%,385,1,17,34.3,5.5,3.1,22.6,17,1,100,453,2,24,44.0,4.5,26.6,1,13.0,179.0,1222.0,6.800000000000001,14.0,20.5,200.5,9.6,1.0,199.5,1422.5,7.05,15.0,American,Tulane,5-10,201.0,4.54,39.0,125.0,True,145.0
Roschon Johnson,CHI,22,40.0,34,85.0%,209,0,6,27.5,5.2,2.3,13.9,15,0,81,352,2,16,43.2,4.3,23.5,1,11.75,98.0,547.5,5.6,5.75,14.0,105.0,7.475,0.75,112.0,652.5,5.825,6.5,Big 12,Texas,6-0,219.0,4.58,31.5,122.0,True,211.0
Zach Charbonnet,SEA,22,40.0,33,82.5%,209,0,7,45.0,5.2,2.1,13.1,16,2,108,462,1,32,49.1,4.3,28.9,0,11.666666666666666,182.33333333333334,1074.0,5.833333333333333,12.666666666666666,23.0,182.66666666666666,6.8999999999999995,0.0,205.33333333333334,1256.6666666666667,5.966666666666666,12.666666666666666,Pac-12,UCLA,6-0,214.0,4.53,37.0,122.0,True,84.0
Chase Brown,CIN,23,15.0,14,93.3%,156,1,4,53.3,10.4,1.2,13.0,12,0,44,179,0,6,34.1,4.1,14.9,1,10.0,200.66666666666666,1062.6666666666667,5.366666666666667,6.0,16.0,148.66666666666666,9.366666666666667,1.0,216.66666666666666,1211.3333333333333,5.633333333333333,7.0,Big Ten,Illinois,5-10,209.0,4.43,40.0,127.0,True,291.0
Kendre Miller,NOR,21,11.0,10,90.9%,117,0,5,54.5,10.6,1.3,14.6,8,0,41,156,1,10,39.0,3.8,19.5,0,12.0,153.5,1011.0,6.85,12.0,14.0,116.5,8.55,0.5,167.5,1127.5,7.05,12.5,Big 12,TCU,5-11,215.0,4.54,34.5,34.5,True,135.0
Keaton Mitchell,BAL,21,11.0,9,81.8%,93,0,5,63.6,8.5,1.1,11.6,8,2,47,396,2,19,68.1,8.4,49.5,0,11.0,154.33333333333334,1009.0,6.233333333333333,8.333333333333334,20.0,193.33333333333334,9.200000000000001,1.0,174.33333333333334,1202.3333333333333,6.6000000000000005,9.333333333333334,American,East Carolina,5-8,179.0,4.37,38.0,126.0,False,225.0
Israel Abanikanda,NYJ,21,11.0,7,63.6%,43,0,2,36.4,3.9,1.2,7.2,6,0,22,70,0,3,36.4,3.2,11.7,1,12.0,181.0,1041.0,5.65,13.5,18.0,171.5,10.2,1.0,199.0,1212.5,6.05,14.5,ACC,Pittsburgh,5-10,216.0,4.54,34.5,34.5,True,271.0
Deuce Vaughn,DAL,22,7.0,7,100.0%,40,0,1,42.9,5.7,1.0,5.7,7,0,23,40,0,1,8.7,1.7,5.7,0,12.333333333333334,217.0,1201.3333333333333,5.5,11.333333333333334,38.666666666666664,426.6666666666667,12.0,3.0,255.66666666666666,1628.0,6.566666666666666,14.333333333333334,Big 12,Kansas St.,5-5,179.0,4.54,35.5,116.0,True,372.0
Eric Gray,NYG,24,7.0,6,85.7%,22,0,0,0.0,3.1,0.5,1.7,13,0,17,48,0,2,35.3,2.8,3.7,3,11.333333333333334,157.0,892.3333333333334,5.533333333333334,6.333333333333333,25.333333333333332,199.33333333333334,8.066666666666668,1.0,182.33333333333334,1091.6666666666667,5.8999999999999995,7.333333333333333,Big 12,Oklahoma,5-10,207.0,4.54,37.5,118.0,True,300.0
Sean Tucker,TAM,22,2.0,2,100.0%,9,0,0,50.0,4.5,0.2,0.8,11,0,15,23,0,1,26.7,1.5,2.1,0,11.0,196.33333333333334,1060.6666666666667,5.266666666666667,9.0,21.333333333333332,205.33333333333334,11.266666666666666,1.3333333333333333,217.66666666666666,1266.0,5.7,10.333333333333334,ACC,Syracuse,5-9,207.0,4.54,34.5,34.5,False,225.0
Tank Bigsby,JAX,22,4.0,1,25.0%,6,0,0,25.0,1.5,0.1,0.4,17,0,50,132,2,12,42.0,2.6,7.8,2,11.666666666666666,180.33333333333334,968.6666666666666,5.433333333333334,8.333333333333334,20.666666666666668,149.33333333333334,7.466666666666666,0.0,201.0,1118.0,5.633333333333333,8.333333333333334,SEC,Auburn,6-0,210.0,4.56,32.5,119.0,True,152.0
Evan Hull,IND,23,1.0,1,100.0%,6,0,0,100.0,6.0,1.0,6.0,1,0,1,1,0,0,0.0,1.0,1.0,0,12.0,208.5,961.0,4.6,6.0,44.0,405.0,8.95,2.0,252.5,1366.0,5.449999999999999,8.0,Big Ten,Northwestern,5-10,209.0,4.47,37.0,123.0,False,225.0
