Player,Tm,Age,Pos,G_P,GS,Tgt,Rec_P,Ctch%,Yds_P,TD_P,1D,Succ%,Y/Tgt,R/G,Y/G,Fmb,G,Rec,Yds,Avg,TD,Plays_S,Yds_S,Avg_S,TD_S,Conf,School,Height,Weight,40yd,Vertical,Broad Jump,Drafted,OvrPick
Jermaine Gresham,CIN,22,TE,15,10,83.0,52,62.7%,471,4,26,50.6,5.7,3.5,31.4,2.0,14.0,51.5,734.0,14.2,12.5,52.0,736.5,14.15,12.5,Big 12,Oklahoma,6-5,261.0,4.66,35.0,113.0,True,21.0
Jordan Shipley,CIN,25,WR,15,4,74.0,52,70.3%,600,3,31,52.7,8.1,3.5,40.0,0.0,13.333333333333334,77.33333333333333,987.3333333333334,13.366666666666667,9.666666666666666,80.33333333333333,1004.6666666666666,12.833333333333334,9.666666666666666,Big 12,Texas,5-11,193.0,4.6,36.5,116.0,True,148.0
Tony Moeaki,KAN,23,TE,15,15,73.0,47,64.4%,556,3,31,53.4,7.6,3.1,37.1,0.0,10.0,30.0,387.0,12.9,4.0,30.0,387.0,12.9,4.0,Big Ten,Iowa,6-3,245.0,4.69,34.0,113.0,True,157.0
Dez Bryant,DAL,22,WR,12,2,73.0,45,61.6%,561,6,23,45.2,7.7,3.8,46.8,1.0,12.5,65.0,1051.0,15.75,12.5,66.0,1059.0,15.6,12.5,Big 12,Oklahoma State,6-2,225.0,4.52,35.5,35.5,True,24.0
Aaron Hernandez,NWE,21,TE,14,7,64.0,45,70.3%,563,6,27,54.7,8.8,3.2,40.2,0.0,13.5,51.0,615.5,11.85,5.0,51.5,623.5,11.899999999999999,5.0,SEC,Florida,6-2,245.0,4.64,35.5,35.5,True,209.0
Rob Gronkowski,NWE,21,TE,16,11,59.0,42,71.2%,546,10,30,64.4,9.3,2.6,34.1,1.0,11.0,37.5,598.5,16.55,8.0,37.5,598.5,16.55,8.0,Pac-10,Arizona,6-6,264.0,4.68,35.5,35.5,True,74.0
David Gettis,CAR,23,WR,15,13,67.0,37,55.2%,508,3,24,47.8,7.6,2.5,33.9,0.0,12.0,37.333333333333336,491.0,13.200000000000001,1.0,37.333333333333336,491.0,13.200000000000001,1.0,Big 12,Baylor,6-3,217.0,4.43,34.5,124.0,True,358.0
Blair White,IND,23,WR,13,4,57.0,36,63.2%,355,5,24,52.6,6.2,2.8,27.3,1.0,13.0,56.5,824.5,14.7,5.0,57.0,823.5,14.5,5.0,Big Ten,Michigan State,6-2,209.0,4.49,33.5,115.0,False,225.0
Emmanuel Sanders,PIT,23,WR,13,1,50.0,28,56.0%,376,2,18,54.0,7.5,2.2,28.9,2.0,11.666666666666666,79.66666666666667,1062.0,13.333333333333334,8.333333333333334,82.0,1073.3333333333333,13.133333333333333,8.333333333333334,CUSA,SMU,5-11,186.0,4.4,39.5,126.0,True,146.0
Arrelious Benn,TAM,22,WR,15,9,38.0,25,65.8%,395,2,17,57.9,10.4,1.7,26.3,1.0,12.333333333333334,53.0,740.3333333333334,13.700000000000001,2.3333333333333335,73.66666666666667,834.3333333333334,11.299999999999999,3.3333333333333335,Big Ten,Illinois,6-1,219.0,4.57,37.0,118.0,True,71.0
Jacoby Ford,OAK,23,WR,16,9,54.0,25,46.3%,470,2,19,40.7,8.7,1.6,29.4,3.0,13.5,55.5,744.5,13.4,5.0,73.5,853.5,11.6,6.0,ACC,Clemson,5-9,186.0,4.28,33.5,115.0,True,204.0
Demaryius Thomas,DEN,23,WR,10,2,39.0,22,56.4%,283,2,15,43.6,7.3,2.2,28.3,3.0,13.0,40.0,779.6666666666666,19.033333333333335,5.0,41.333333333333336,790.3333333333334,18.7,5.0,ACC,Georgia Tech,6-3,224.0,4.52,35.5,35.5,True,22.0
Dexter McCluster,KAN,21,WR,11,7,39.0,21,53.8%,209,1,11,41.0,5.4,1.9,19.0,2.0,11.333333333333334,38.333333333333336,490.3333333333333,12.700000000000001,2.0,137.0,1119.3333333333333,9.233333333333334,6.666666666666667,SEC,Mississippi,5-9,172.0,4.53,37.5,118.0,True,68.0
Andrew Quarless,GNB,22,TE,13,3,33.0,21,63.6%,238,1,13,54.5,7.2,1.6,18.3,1.0,13.0,41.0,536.0,13.1,3.0,41.0,536.0,13.1,3.0,Big Ten,Penn State,6-4,254.0,4.68,32.0,112.0,True,282.0
Golden Tate,SEA,22,WR,11,0,39.0,21,53.8%,227,0,8,43.6,5.8,1.9,20.6,1.0,12.5,75.5,1288.0,17.35,12.5,90.5,1399.5,16.0,14.0,Ind,Notre Dame,5-10,199.0,4.42,35.0,120.0,True,92.0
Danario Alexander,STL,24,WR,8,2,37.0,20,54.1%,306,1,12,45.9,8.3,2.5,38.3,0.0,11.5,75.0,1099.0,13.55,8.0,78.5,1119.5,13.05,8.0,Big 12,Missouri,6-5,215.0,4.62,35.5,35.5,False,225.0
Antonio Brown,PIT,22,WR,9,0,19.0,16,84.2%,167,0,11,68.4,8.8,1.8,18.6,1.0,13.666666666666666,101.66666666666667,1066.3333333333333,10.466666666666667,7.333333333333333,125.66666666666667,1243.3333333333333,9.866666666666667,8.666666666666666,MAC,Central Michigan,5-10,186.0,4.56,33.5,105.0,True,355.0
Damian Williams,TEN,22,WR,16,1,28.0,16,57.1%,219,0,10,42.9,7.8,1.0,13.7,0.0,12.5,64.0,939.5,14.7,7.5,67.0,969.0,14.5,7.5,Pac-10,USC,6-1,197.0,4.52,38.0,118.0,True,141.0
Seyi Ajirotutu,SDG,23,WR,10,0,23.0,13,56.5%,262,2,12,56.5,11.4,1.3,26.2,0.0,12.333333333333334,41.666666666666664,654.3333333333334,15.866666666666665,4.0,41.666666666666664,654.3333333333334,15.866666666666665,4.333333333333333,WAC,Fresno State,6-3,204.0,4.6,36.0,115.0,False,225.0
Michael Hoomanawanui,STL,22,TE,8,3,22.0,13,59.1%,146,3,9,40.9,6.6,1.6,18.3,0.0,12.0,25.0,312.0,12.5,2.0,25.0,312.0,12.5,2.0,Big Ten,Illinois,6-4,264.0,4.77,35.5,35.5,True,260.0
Ed Dickson,BAL,23,TE,15,3,23.0,11,47.8%,152,1,5,30.4,6.6,0.7,10.1,0.0,13.0,40.0,504.0,12.700000000000001,4.0,41.666666666666664,513.3333333333334,12.4,4.0,Pac-10,Oregon,6-4,249.0,4.59,34.0,115.0,True,134.0
Stephen Williams,ARI,24,WR,11,3,23.0,9,39.1%,101,0,5,30.4,4.4,0.8,9.2,0.0,12.0,74.33333333333333,1005.0,13.5,6.666666666666667,74.33333333333333,1005.0,13.5,6.666666666666667,MAC,Toledo,6-4,210.0,4.5,36.5,125.0,False,225.0
Riley Cooper,PHI,23,WR,13,2,18.0,7,38.9%,116,1,5,38.9,6.4,0.5,8.9,0.0,14.0,51.0,961.0,18.8,9.0,52.0,975.0,18.8,9.0,SEC,Florida,6-3,222.0,4.53,33.0,114.0,True,287.0
Dezmon Briscoe,TAM,21,WR,2,0,7.0,6,85.7%,93,1,4,57.1,13.3,3.0,46.5,0.0,12.333333333333334,73.0,1080.0,14.233333333333334,10.333333333333334,74.33333333333333,1092.3333333333333,14.166666666666666,10.666666666666666,Big 12,Kansas,6-2,207.0,4.66,33.0,115.0,True,351.0
Eric Decker,DEN,23,WR,14,0,8.0,6,75.0%,106,1,4,62.5,13.3,0.4,7.6,3.0,10.666666666666666,67.0,913.6666666666666,13.866666666666667,7.0,71.66666666666667,950.0,13.566666666666668,7.333333333333333,Big Ten,Minnesota,6-3,217.0,4.54,35.5,35.5,True,151.0
Mardy Gilyard,STL,24,WR,11,2,16.0,6,37.5%,63,0,4,31.3,3.9,0.5,5.7,1.0,13.333333333333334,68.0,1001.0,14.799999999999999,8.333333333333334,70.33333333333333,1009.6666666666666,14.5,8.666666666666666,Big East,Cincinnati,6-0,187.0,4.61,39.0,116.0,True,195.0
Verran Tucker,KAN,22,WR,11,2,19.0,6,31.6%,114,1,5,31.6,6.0,0.5,10.4,0.0,13.0,29.0,453.0,15.6,1.0,29.0,453.0,15.6,1.0,Pac-10,California,6-2,200.0,4.65,35.5,35.5,False,225.0
Preston Parker,TAM,23,WR,9,0,9.0,4,44.4%,42,0,3,44.4,4.7,0.4,4.7,0.0,11.5,51.0,581.5,11.05,2.5,82.0,760.0,9.25,3.5,ACC,Florida State,5-11,199.0,4.59,35.0,117.0,False,225.0
Taylor Price,NWE,23,WR,1,0,4.0,3,75.0%,41,0,3,75.0,10.3,3.0,41.0,0.0,12.666666666666666,46.666666666666664,647.3333333333334,13.9,4.666666666666667,54.0,695.6666666666666,12.799999999999999,4.666666666666667,MAC,Ohio,6-0,204.0,4.4,37.0,114.0,True,154.0
Brandon Banks,WAS,23,WR,13,0,5.0,2,40.0%,10,0,1,20.0,2.0,0.2,0.8,2.0,12.0,61.5,877.0,14.149999999999999,5.0,70.5,995.0,14.05,5.5,Big 12,Kansas State,5-7,149.0,4.37,31.0,113.0,False,225.0
Dennis Pitta,BAL,25,TE,11,0,5.0,1,20.0%,1,0,0,0.0,0.2,0.1,0.1,0.0,13.0,68.0,908.3333333333334,13.4,6.333333333333333,68.0,908.3333333333334,13.4,6.333333333333333,MWC,BYU,6-4,245.0,4.68,34.0,113.0,True,210.0
Kyle Williams,SFO,22,WR,5,0,1.0,1,100.0%,8,0,0,0.0,8.0,0.2,1.6,0.0,11.0,44.75,554.625,12.4,4.25,49.75,586.25,11.8125,4.25,MWC,Arizona State,5-10,188.0,4.4,33.0,118.0,True,366.0
Jeron Mastrud,MIA,23,TE,8,2,1.0,0,0.0%,0,0,0,0.0,0.0,0.0,0.0,0.0,12.0,34.0,375.5,10.95,1.0,34.0,375.5,10.95,1.0,Big 12,Kansas State,6-5,256.0,4.82,35.5,35.5,False,225.0
Carlton Mitchell,CLE,22,WR,5,0,1.0,0,0.0%,0,0,0,0.0,0.0,0.0,0.0,0.0,12.333333333333334,35.0,549.3333333333334,15.566666666666668,3.0,36.666666666666664,557.3333333333334,15.133333333333333,3.0,Big East,South Florida,6-3,215.0,4.46,36.0,122.0,True,337.0
David Reed,BAL,23,WR,13,0,1.0,0,0.0%,0,0,0,0.0,0.0,0.0,0.0,0.0,13.0,53.0,807.5,15.9,5.5,55.5,817.0,15.5,6.0,MWC,Utah,6-0,191.0,4.56,37.0,114.0,True,284.0
A.J. Green,CIN,23,WR,15,15,115.0,65,56.5%,1057,7,40,46.1,9.2,4.3,70.5,1.0,10.666666666666666,55.333333333333336,873.0,15.766666666666666,7.666666666666667,57.666666666666664,908.0,15.733333333333334,7.666666666666667,SEC,Georgia,6-4,211.0,4.48,34.5,126.0,True,4.0
Greg Little,CLE,22,WR,16,12,119.0,61,51.3%,709,2,34,42.9,6.0,3.8,44.3,0.0,13.0,62.0,724.0,11.7,5.0,91.0,890.0,9.8,6.0,ACC,North Carolina,6-2,231.0,4.51,40.5,129.0,True,91.0
Julio Jones,ATL,22,WR,13,13,95.0,54,56.8%,959,8,36,43.2,10.1,4.2,73.8,1.0,13.333333333333334,59.666666666666664,884.3333333333334,14.766666666666666,5.0,63.0,930.6666666666666,14.633333333333333,5.666666666666667,SEC,Alabama,6-3,220.0,4.34,38.5,135.0,True,6.0
Torrey Smith,BAL,22,WR,16,14,95.0,50,52.6%,841,7,34,42.1,8.9,3.1,52.6,1.0,12.5,64.0,939.5,14.6,8.5,74.0,972.5,13.15,9.0,ACC,Maryland,6-1,204.0,4.41,41.0,126.0,True,90.0
Titus Young,DET,22,WR,16,9,86.0,48,55.8%,607,6,33,47.7,7.1,3.0,37.9,1.0,13.333333333333334,64.66666666666667,965.0,14.933333333333332,8.0,78.66666666666667,1064.3333333333333,13.433333333333332,10.0,WAC,Boise State,5-11,174.0,4.43,35.5,123.0,True,76.0
Denarius Moore,OAK,23,WR,13,10,76.0,33,43.4%,618,5,26,39.5,8.1,2.5,47.5,1.0,13.0,43.5,760.5,17.2,8.0,48.5,813.0,16.4,8.5,SEC,Tennessee,6-0,194.0,4.43,36.0,118.0,True,276.0
Jeremy Kerley,NYJ,23,WR,14,1,47.0,29,61.7%,314,1,19,51.1,6.7,2.1,22.4,3.0,13.0,50.0,553.5,11.2,6.0,66.0,627.0,9.55,8.5,MWC,TCU,5-9,189.0,4.56,34.5,120.0,True,281.0
Austin Pettis,STL,23,WR,12,3,48.0,27,56.3%,256,0,14,45.8,5.3,2.3,21.3,2.0,13.0,57.25,709.5,12.175,9.75,57.5,706.75,12.075,9.75,WAC,Boise State,6-3,209.0,4.56,33.5,120.0,True,142.0
Greg Salas,STL,23,WR,6,0,38.0,27,71.1%,264,0,11,42.1,6.9,4.5,44.0,3.0,13.666666666666666,94.0,1436.6666666666667,15.166666666666666,8.333333333333334,94.0,1436.6666666666667,15.166666666666666,8.333333333333334,WAC,Hawaii,6-1,210.0,4.53,37.0,120.0,True,208.0
Dane Sanzenbacher,CHI,23,WR,16,1,54.0,27,50.0%,276,3,16,44.4,5.1,1.7,17.3,0.0,13.0,45.5,759.0,16.5,8.5,48.5,770.0,15.75,9.0,Big Ten,Ohio State,5-11,182.0,4.56,33.5,118.0,False,225.0
Kyle Rudolph,MIN,22,TE,15,8,39.0,26,66.7%,249,3,15,46.2,6.4,1.7,16.6,0.0,9.666666666666666,30.0,344.0,11.466666666666667,2.6666666666666665,30.0,344.0,11.466666666666667,2.6666666666666665,Ind,Notre Dame,6-6,259.0,4.83,35.5,35.5,True,75.0
Randall Cobb,GNB,21,WR,15,0,31.0,25,80.6%,375,1,15,74.2,12.1,1.7,25.0,3.0,12.5,61.5,732.0,11.8,5.5,136.0,1230.5,9.05,13.0,SEC,Kentucky,5-10,191.0,4.46,33.5,115.0,True,96.0
Vincent Brown,SDG,22,WR,14,4,40.0,19,47.5%,329,2,17,47.5,8.2,1.4,23.5,0.0,11.0,52.25,777.5,14.525,5.75,54.0,786.0,14.2,5.75,MWC,San Diego State,5-11,187.0,4.68,33.5,121.0,True,146.0
Leonard Hankerson,WAS,22,WR,4,2,20.0,13,65.0%,163,0,8,60.0,8.2,3.3,40.8,0.0,13.0,58.5,978.5,16.950000000000003,9.5,58.5,978.5,16.950000000000003,9.5,ACC,Miami (FL),6-1,209.0,4.4,36.0,117.0,True,143.0
Rob Housler,ARI,23,TE,12,2,26.0,12,46.2%,133,0,5,30.8,5.1,1.0,11.1,1.0,12.5,35.5,574.0,16.15,4.0,36.5,586.5,16.05,4.0,Sun Belt,Florida Atlantic,6-5,248.0,4.46,37.0,117.0,True,133.0
Zack Pianalto,TAM,22,TE,13,0,5.0,4,80.0%,40,0,2,80.0,8.0,0.3,3.1,0.0,9.0,29.0,283.0,9.666666666666666,0.6666666666666666,29.0,283.0,9.666666666666666,0.6666666666666666,ACC,North Carolina,6-3,256.0,4.78,32.0,108.0,False,225.0
Weslye Saunders,PIT,22,WR,16,6,8.0,4,50.0%,29,1,3,37.5,3.6,0.3,1.8,0.0,12.0,32.0,353.0,11.0,3.0,32.0,353.0,11.0,3.0,SEC,South Carolina,6-5,270.0,4.93,33.5,116.0,False,225.0
Lee Smith,BUF,24,TE,10,3,4.0,4,100.0%,11,0,0,0.0,2.8,0.4,1.1,0.0,12.0,31.5,361.5,12.0,2.0,32.0,364.0,11.8,2.0,CUSA,Marshall,6-6,266.0,4.94,29.0,108.0,True,287.0
Ryan Whalen,CIN,22,WR,4,0,5.0,4,80.0%,27,0,2,60.0,5.4,1.0,6.8,0.0,12.0,46.333333333333336,624.3333333333334,13.1,2.3333333333333335,46.333333333333336,624.3333333333334,13.1,2.3333333333333335,Pac-10,Stanford,6-1,202.0,4.53,38.5,123.0,True,327.0
Virgil Green,DEN,23,TE,15,3,5.0,3,60.0%,24,0,2,60.0,4.8,0.2,1.6,0.0,14.0,35.0,515.0,14.7,5.0,39.0,534.0,13.7,5.0,WAC,Nevada,6-3,249.0,4.54,42.5,130.0,True,396.0
Niles Paul,WAS,22,WR,13,2,5.0,2,40.0%,25,0,2,40.0,5.0,0.2,1.9,0.0,13.0,39.5,656.0,16.549999999999997,2.5,43.5,687.0,15.8,3.0,Big 12,Nebraska,6-1,224.0,4.45,34.5,117.0,True,283.0
D.J. Williams,GNB,23,TE,13,0,4.0,2,50.0%,13,0,0,0.0,3.3,0.2,1.0,0.0,12.666666666666666,49.0,587.0,12.1,3.3333333333333335,49.0,587.0,12.1,3.3333333333333335,SEC,Arkansas,6-2,245.0,4.59,33.5,111.0,True,269.0
Tandon Doss,BAL,22,WR,6,0,2.0,0,0.0%,0,0,0,0.0,0.0,0.0,0.0,0.0,11.5,70.0,834.0,11.85,6.0,91.0,979.0,10.75,7.0,Big Ten,Indiana,6-2,201.0,4.62,35.5,35.5,True,219.0
Jerrel Jernigan,NYG,22,WR,8,0,2.0,0,0.0%,0,0,0,0.0,0.0,0.0,0.0,0.0,12.5,65.5,782.0,11.95,4.5,98.5,1005.0,10.05,5.75,Sun Belt,Troy,5-9,185.0,4.46,37.5,124.0,True,147.0
Jeff Maehl,HOU,22,WR,3,0,1.0,0,0.0%,0,0,0,0.0,0.0,0.0,0.0,0.0,13.0,56.333333333333336,731.0,12.633333333333333,7.666666666666667,60.666666666666664,757.0,12.233333333333334,7.666666666666667,Pac-10,Oregon,6-1,190.0,4.56,33.5,115.0,False,225.0
Jamar Newsome,JAX,24,WR,2,0,1.0,0,0.0%,0,0,0,0.0,0.0,0.0,0.0,0.0,14.0,37.0,616.0,16.6,3.0,40.0,631.0,15.8,4.0,CUSA,Central Florida,6-0,200.0,4.46,38.5,129.0,False,225.0
Justin Blackmon,JAX,22,WR,16,14,132.0,64,48.5%,865,5,41,43.9,6.6,4.0,54.1,1.0,12.5,116.5,1652.0,14.3,19.0,120.5,1694.0,14.149999999999999,19.5,Big 12,Oklahoma State,6-1,207.0,4.46,35.5,35.5,True,5.0
Kendall Wright,TEN,23,WR,15,5,104.0,64,61.5%,626,4,38,49.0,6.0,4.3,41.7,1.0,12.5,75.5,1001.0,12.95,7.5,94.25,1107.25,11.5,8.0,Big 12,Baylor,5-10,196.0,4.49,38.5,121.0,True,20.0
T.Y. Hilton,IND,23,WR,15,1,90.0,50,55.6%,861,7,30,48.9,9.6,3.3,57.4,1.0,12.5,57.25,882.75,16.15,6.0,74.5,1007.25,13.875,7.75,Sun Belt,Florida International,5-9,183.0,4.34,35.5,35.5,True,156.0
Dwayne Allen,IND,22,TE,16,16,66.0,45,68.2%,521,3,30,56.1,7.9,2.8,32.6,1.0,13.5,41.5,485.5,11.65,4.5,41.5,485.5,11.65,4.5,ACC,Clemson,6-3,255.0,4.85,32.0,110.0,True,128.0
Michael Floyd,ARI,23,WR,16,3,86.0,45,52.3%,562,2,26,46.5,6.5,2.8,35.1,1.0,10.75,67.75,921.5,14.4,9.25,68.75,929.0,14.275,9.5,Ind,Notre Dame,6-3,220.0,4.4,36.5,122.0,True,13.0
Chris Givens,STL,23,WR,15,12,80.0,42,52.5%,698,3,25,41.3,8.7,2.8,46.5,0.0,11.833333333333334,47.166666666666664,685.1666666666666,14.700000000000001,5.833333333333333,55.5,721.8333333333334,13.216666666666667,6.166666666666667,MAC,Wake Forest,5-11,198.0,4.35,33.5,118.0,True,192.0
T.J. Graham,BUF,23,TE,15,11,58.0,31,53.4%,322,1,15,37.9,5.6,2.1,21.5,0.0,12.5,30.75,424.25,13.25,4.25,31.75,422.25,12.8,4.25,Sun Belt,North Carolina State,5-11,188.0,4.34,33.5,120.0,True,133.0
Coby Fleener,IND,24,TE,12,10,48.0,26,54.2%,281,2,14,47.9,5.9,2.2,23.4,0.0,13.0,31.0,550.5,17.55,8.5,31.0,550.5,17.55,8.5,Pac-12,Stanford,6-6,247.0,4.51,35.5,35.5,True,66.0
Alshon Jeffery,CHI,22,WR,10,6,48.0,24,50.0%,367,3,17,47.9,7.6,2.4,36.7,0.0,13.333333333333334,61.0,1014.0,16.466666666666665,7.666666666666667,61.0,1014.0,16.466666666666665,7.666666666666667,SEC,South Carolina,6-3,216.0,4.48,35.5,35.5,True,77.0
Ryan Broyles,DET,24,WR,10,3,32.0,22,68.8%,310,2,16,65.6,9.7,2.2,31.0,0.0,12.0,87.25,1146.5,13.45,11.25,91.0,1170.75,13.1,11.5,Big 12,Oklahoma,5-10,192.0,4.57,35.5,35.5,True,86.0
Jarius Wright,MIN,23,WR,7,1,36.0,22,61.1%,310,2,14,44.4,8.6,3.1,44.3,0.0,12.666666666666666,49.666666666666664,862.0,17.433333333333334,7.333333333333333,50.0,865.0,17.333333333333332,7.333333333333333,SEC,Arkansas,5-10,182.0,4.39,38.0,120.0,True,214.0
Stephen Hill,NYJ,21,WR,11,8,47.0,21,44.7%,252,3,17,42.6,5.4,1.9,22.9,0.0,13.0,28.0,820.0,29.3,5.0,32.0,849.0,26.5,5.0,ACC,Georgia Tech,6-4,215.0,4.36,39.5,133.0,True,75.0
Rueben Randle,NYG,21,WR,16,1,32.0,19,59.4%,298,3,13,53.1,9.3,1.2,18.6,1.0,13.5,43.0,730.5,16.9,5.5,43.0,730.5,16.9,5.5,SEC,LSU,6-3,210.0,4.55,31.0,121.0,True,95.0
Travis Benjamin,CLE,23,WR,14,3,37.0,18,48.6%,298,2,13,48.6,8.1,1.3,21.3,1.0,12.333333333333334,37.666666666666664,617.6666666666666,16.5,3.3333333333333335,44.333333333333336,645.6666666666666,14.533333333333333,3.3333333333333335,ACC,Miami (FL),5-10,172.0,4.31,38.0,119.0,True,196.0
Marvin Jones,CIN,22,WR,11,5,32.0,18,56.3%,201,1,11,53.1,6.3,1.6,18.3,0.0,12.666666666666666,51.666666666666664,754.0,14.666666666666666,4.333333333333333,55.333333333333336,792.6666666666666,14.466666666666667,4.666666666666667,Pac-12,California,6-2,199.0,4.46,33.0,112.0,True,294.0
Juron Criner,OAK,23,WR,12,0,33.0,16,48.5%,151,1,10,42.4,4.6,1.3,12.6,1.0,12.333333333333334,67.33333333333333,923.6666666666666,13.533333333333333,10.333333333333334,73.0,966.6666666666666,13.066666666666668,10.333333333333334,Pac-12,Arizona,6-2,224.0,4.66,38.0,117.0,True,296.0
Mohamed Sanu,CIN,23,WR,9,3,25.0,16,64.0%,154,4,10,56.0,6.2,1.8,17.1,0.0,12.666666666666666,70.0,754.3333333333334,10.833333333333334,4.0,111.66666666666667,972.0,8.633333333333333,7.0,Big East,Rutgers,6-1,211.0,4.62,36.0,126.0,True,147.0
Rishard Matthews,MIA,23,WR,8,1,20.0,11,55.0%,151,0,7,50.0,7.6,1.4,18.9,0.0,13.0,73.5,1121.5,15.35,6.5,78.5,1159.0,14.95,7.5,WAC,Nevada,6-0,217.0,4.54,36.0,35.5,True,419.0
Keshawn Martin,HOU,22,WR,16,1,28.0,10,35.7%,85,1,6,21.4,3.0,0.6,5.3,1.0,12.5,49.0,585.5,12.05,2.5,67.5,720.5,10.75,3.5,Big Ten,Michigan State,5-11,188.0,4.42,39.5,122.0,True,217.0
Orson Charles,CIN,21,TE,16,6,10.0,8,80.0%,101,0,5,70.0,10.1,0.5,6.3,0.0,13.5,35.5,498.0,14.5,3.5,35.5,498.0,14.5,3.5,SEC,Georgia,6-2,251.0,4.73,35.5,35.5,True,212.0
Josh Cooper,CLE,23,WR,6,0,19.0,8,42.1%,106,0,6,36.8,5.6,1.3,17.7,0.0,12.5,69.5,725.5,10.45,4.0,72.0,746.5,10.350000000000001,4.0,Big 12,Oklahoma State,5-11,190.0,4.65,35.5,35.5,False,225.0
James Hanna,DAL,23,TE,16,2,11.0,8,72.7%,86,0,4,63.6,7.8,0.5,5.4,0.0,13.0,27.0,381.0,14.1,2.0,27.0,381.0,14.1,2.0,Big 12,Oklahoma,6-4,252.0,4.43,36.0,122.0,True,346.0
David Paulson,PIT,23,TE,16,5,11.0,7,63.6%,51,0,1,63.6,4.6,0.4,3.2,1.0,14.0,31.0,438.0,14.1,6.0,31.0,438.0,14.1,6.0,Pac-12,Oregon,6-3,246.0,4.79,32.0,110.0,True,432.0
Devon Wylie,KAN,24,WR,6,1,12.0,6,50.0%,53,0,2,25.0,4.4,1.0,8.8,0.0,13.0,56.0,716.0,12.8,1.0,64.0,764.0,11.9,1.0,WAC,Fresno State,5-9,187.0,4.36,39.0,123.0,True,203.0
Jarrett Boykin,GNB,23,WR,10,0,6.0,5,83.3%,27,0,1,66.7,4.5,0.5,2.7,0.0,13.5,46.0,721.0,16.025,4.5,46.0,721.0,16.025,4.75,ACC,Virginia Tech,6-2,217.0,4.62,36.0,123.0,False,225.0
Ladarius Green,SDG,22,TE,4,1,4.0,4,100.0%,56,0,1,50.0,14.0,1.0,14.0,0.0,10.333333333333334,42.333333333333336,644.3333333333334,15.533333333333333,5.666666666666667,42.666666666666664,651.0,15.566666666666668,5.666666666666667,Sun Belt,Louisiana-Lafayette,6-6,238.0,4.45,34.5,124.0,True,206.0
Jermaine Kearse,SEA,22,WR,7,1,7.0,3,42.9%,31,0,2,42.9,4.4,0.4,4.4,0.0,12.666666666666666,53.333333333333336,856.6666666666666,16.066666666666666,9.0,54.333333333333336,861.6666666666666,15.833333333333334,9.333333333333334,Pac-12,Washington,6-1,209.0,4.5,34.0,119.0,False,225.0
Joe Adams,CAR,23,WR,9,0,1.0,1,100.0%,7,0,0,0.0,7.0,0.1,0.8,4.0,11.75,41.0,602.5,15.05,4.25,47.75,664.5,14.125,4.75,SEC,Arkansas,5-11,179.0,4.51,36.0,123.0,True,200.0
Chris Owusu,TAM,22,WR,5,0,4.0,1,25.0%,24,0,1,25.0,6.0,0.2,4.8,0.0,10.0,32.333333333333336,484.6666666666667,14.966666666666667,3.3333333333333335,37.666666666666664,543.3333333333334,14.5,3.3333333333333335,Pac-12,Stanford,6-0,196.0,4.36,40.5,129.0,False,225.0
Jordan White,NYJ,24,WR,3,0,3.0,1,33.3%,13,0,1,33.3,4.3,0.3,4.3,0.0,11.333333333333334,95.66666666666667,1323.3333333333333,13.733333333333334,10.333333333333334,97.0,1342.0,13.666666666666666,10.333333333333334,MAC,West. Michigan,6-0,208.0,4.63,35.0,119.0,True,436.0
A.J. Jenkins,SFO,23,WR,3,0,1.0,0,0.0%,0,0,0,0.0,0.0,0.0,0.0,0.0,13.0,73.0,1011.0,13.75,7.5,75.5,1024.0,13.5,7.5,Big Ten,Illinois,6-0,190.0,4.37,38.5,124.0,True,30.0
Marvin McNutt,PHI,23,WR,4,0,2.0,0,0.0%,0,0,0,0.0,0.0,0.0,0.0,0.0,13.0,56.333333333333336,950.0,17.333333333333332,9.333333333333334,58.666666666666664,971.0,17.133333333333333,9.333333333333334,Big Ten,Iowa,6-3,216.0,4.48,37.0,122.0,True,354.0
Keenan Allen,SDG,21,WR,15,14,105.0,71,67.6%,1046,8,54,61.9,10.0,4.7,69.7,2.0,11.0,68.33333333333333,856.6666666666666,12.166666666666666,5.666666666666667,78.33333333333333,933.3333333333334,11.666666666666666,6.333333333333333,Pac-12,California,6-2,206.0,4.58,35.5,35.5,True,140.0
Ace Sanders,JAX,22,WR,15,4,87.0,51,58.6%,484,1,22,34.5,5.6,3.4,32.3,0.0,13.0,37.0,457.0,12.5,5.5,40.5,465.0,11.6,5.5,SEC,South Carolina,5-7,173.0,4.58,32.0,117.0,True,197.0
Marlon Brown,BAL,22,WR,14,12,82.0,49,59.8%,524,7,30,47.6,6.4,3.5,37.4,0.0,8.0,27.0,469.0,17.4,4.0,27.0,469.0,17.4,4.0,SEC,Georgia,6-4,213.0,4.63,35.5,35.5,False,225.0
Cordarrelle Patterson,MIN,22,WR,16,6,77.0,45,58.4%,469,4,19,36.4,6.1,2.8,29.3,0.0,12.0,46.0,778.0,16.9,5.0,71.0,1086.0,15.3,8.0,SEC,Tennessee,6-2,216.0,4.42,37.0,128.0,True,29.0
Jordan Reed,WAS,23,TE,9,4,59.0,45,76.3%,499,3,30,64.4,8.5,5.0,55.4,0.0,12.0,36.5,433.0,11.7,2.5,36.5,433.0,11.7,2.5,SEC,Florida,6-2,236.0,4.72,35.5,35.5,True,149.0
Terrance Williams,DAL,24,WR,16,8,74.0,44,59.5%,736,5,31,50.0,9.9,2.8,46.0,2.0,13.0,66.33333333333333,1091.0,15.466666666666667,9.0,67.33333333333333,1096.6666666666667,15.300000000000002,9.0,Big 12,Baylor,6-2,208.0,4.52,32.5,119.0,True,138.0
Tavon Austin,STL,23,WR,13,3,69.0,40,58.0%,418,4,17,42.0,6.1,3.1,32.2,4.0,13.0,91.0,1087.3333333333333,12.200000000000001,9.333333333333334,125.66666666666667,1416.0,11.633333333333333,11.0,Big 12,West Virginia,5-8,174.0,4.34,32.0,120.0,True,8.0
Robert Woods,BUF,21,WR,14,14,85.0,40,47.1%,587,3,26,42.4,6.9,2.9,41.9,0.0,12.666666666666666,84.0,976.6666666666666,11.633333333333333,10.666666666666666,88.66666666666667,1024.0,11.666666666666666,10.666666666666666,Pac-12,USC,6-0,201.0,4.51,33.5,117.0,True,73.0
Tyler Eifert,CIN,23,TE,15,15,60.0,39,65.0%,445,2,19,46.7,7.4,2.6,29.7,0.0,12.333333333333334,46.666666666666664,613.3333333333334,13.133333333333333,3.6666666666666665,46.666666666666664,613.3333333333334,13.133333333333333,3.6666666666666665,Ind,Notre Dame,6-5,250.0,4.68,35.5,119.0,True,21.0
Mychal Rivera,OAK,23,TE,16,3,60.0,38,63.3%,407,4,25,50.0,6.8,2.4,25.4,0.0,12.0,32.5,453.0,13.75,3.0,32.5,453.0,13.75,3.0,SEC,Tennessee,6-3,242.0,4.81,31.0,112.0,True,344.0
Aaron Dobson,NWE,22,WR,12,9,72.0,37,51.4%,519,4,25,45.8,7.2,3.1,43.3,1.0,11.666666666666666,50.0,678.6666666666666,13.733333333333334,6.666666666666667,51.0,685.0,13.566666666666668,6.666666666666667,CUSA,Marshall,6-3,210.0,4.37,35.5,35.5,True,91.0
Zach Ertz,PHI,23,TE,16,3,57.0,36,63.2%,469,4,25,50.9,8.2,2.3,29.3,0.0,12.0,48.0,622.0,12.9,5.0,48.0,622.0,12.9,5.0,Pac-12,Stanford,6-5,249.0,4.76,30.5,111.0,True,67.0
Kenny Stills,NOR,21,WR,16,10,50.0,32,64.0%,641,5,24,60.0,12.8,2.0,40.1,0.0,12.666666666666666,68.0,864.6666666666666,12.833333333333334,8.0,69.0,872.3333333333334,12.766666666666666,8.0,Big 12,Oklahoma,6-0,194.0,4.38,33.5,124.0,True,272.0
Kenbrell Thompkins,NWE,25,WR,12,8,69.0,32,46.4%,466,4,21,42.0,6.8,2.7,38.8,0.0,13.0,39.0,538.5,14.05,2.0,39.0,538.5,14.05,2.0,Big East,Cincinnati,6-1,193.0,4.54,33.5,121.0,False,225.0
Darius Johnson,ATL,22,WR,10,2,43.0,22,51.2%,210,1,13,32.6,4.9,2.2,21.0,1.0,12.333333333333334,73.66666666666667,916.6666666666666,12.433333333333332,6.333333333333333,74.0,917.0,12.366666666666667,6.333333333333333,CUSA,SMU,5-9,179.0,4.6,32.0,109.0,False,225.0
Joseph Fauria,DET,23,TE,16,2,30.0,18,60.0%,207,7,14,53.3,6.9,1.1,12.9,0.0,14.0,42.5,559.0,13.05,9.0,42.5,559.0,13.05,9.0,Pac-12,UCLA,6-7,259.0,4.82,35.5,35.5,False,225.0
Justin Hunter,TEN,22,WR,14,0,42.0,18,42.9%,354,4,16,40.5,8.4,1.3,25.3,0.0,12.0,73.0,1083.0,14.8,9.0,73.0,1083.0,14.8,9.0,SEC,Tennessee,6-4,196.0,4.44,39.5,136.0,True,66.0
Stedman Bailey,STL,23,WR,16,2,25.0,17,68.0%,226,0,10,52.0,9.0,1.1,14.1,0.0,13.0,93.0,1450.5,16.0,18.5,94.0,1457.0,15.95,18.5,Big 12,West Virginia,5-10,193.0,4.52,34.5,117.0,True,156.0
Marquise Goodwin,BUF,23,WR,12,1,32.0,17,53.1%,283,3,13,43.8,8.8,1.4,23.6,1.0,12.5,30.0,341.0,11.425,1.75,41.5,442.25,10.5,2.5,Big 12,Texas,5-9,183.0,4.27,35.5,132.0,True,142.0
Da'Rick Rogers,IND,22,WR,5,3,23.0,14,60.9%,192,2,9,52.2,8.3,2.8,38.4,0.0,12.0,67.0,1040.0,15.5,9.0,70.0,1050.0,15.0,9.0,SEC,Tennessee Tech,6-2,217.0,4.5,39.5,132.0,False,225.0
Levine Toilolo,ATL,22,TE,16,3,15.0,11,73.3%,55,2,4,53.3,3.7,0.7,3.4,0.0,13.0,25.0,343.0,13.7,6.0,25.0,343.0,13.7,6.0,Pac-12,Stanford,6-8,260.0,4.86,31.0,113.0,True,229.0
Josh Boyce,NWE,22,WR,9,3,19.0,9,47.4%,121,0,6,42.1,6.4,1.0,13.4,0.0,13.0,53.666666666666664,845.0,16.3,7.333333333333333,55.0,847.3333333333334,16.033333333333335,7.666666666666667,Big 12,TCU,5-11,206.0,4.38,34.0,131.0,True,198.0
Gavin Escobar,DAL,22,TE,16,1,15.0,9,60.0%,134,2,7,53.3,8.9,0.6,8.4,0.0,13.0,40.666666666666664,548.6666666666666,13.1,5.666666666666667,41.333333333333336,551.0,12.966666666666667,5.666666666666667,MWC,San Diego State,6-6,254.0,4.84,32.0,114.0,True,79.0
Vance McDonald,SFO,23,TE,15,4,19.0,8,42.1%,119,0,5,36.8,6.3,0.5,7.9,0.0,10.666666666666666,35.666666666666664,462.0,13.066666666666668,5.0,38.0,479.3333333333333,12.700000000000001,5.0,CUSA,Rice,6-4,267.0,4.69,33.5,119.0,True,87.0
Dion Sims,MIA,22,TE,15,5,10.0,6,60.0%,32,1,3,60.0,3.2,0.4,2.1,0.0,12.0,36.0,475.0,13.2,2.0,36.0,475.0,13.2,2.0,Big Ten,Michigan State,6-5,262.0,4.75,35.0,112.0,True,202.0
Markus Wheaton,PIT,22,WR,12,1,13.0,6,46.2%,64,0,5,38.5,4.9,0.5,5.3,0.0,12.333333333333334,73.0,968.3333333333334,13.166666666666666,5.333333333333333,97.0,1152.3333333333333,11.799999999999999,6.666666666666667,Pac-12,Oregon State,5-11,189.0,4.45,37.0,120.0,True,143.0
Chris Gragg,BUF,23,TE,9,1,7.0,5,71.4%,53,1,4,71.4,7.6,0.6,5.9,0.0,13.0,41.0,518.0,12.6,2.0,41.0,518.0,12.6,2.0,SEC,Arkansas,6-3,244.0,4.5,37.5,125.0,True,414.0
Quinton Patton,SFO,23,WR,6,0,5.0,3,60.0%,34,0,1,20.0,6.8,0.5,5.7,0.0,12.5,91.5,1297.0,14.3,12.0,97.0,1315.5,13.6,12.0,WAC,Louisiana Tech,6-0,204.0,4.53,33.0,118.0,True,224.0
Marquess Wilson,CHI,21,WR,10,1,3.0,2,66.7%,13,0,1,33.3,4.3,0.2,1.3,0.0,11.0,63.0,1069.0,16.933333333333334,7.666666666666667,64.0,1072.3333333333333,16.766666666666666,7.666666666666667,Pac-12,Washington State,6-3,194.0,4.51,34.5,122.0,True,428.0
Nick Kasa,OAK,23,TE,16,1,5.0,1,20.0%,9,1,1,20.0,1.8,0.1,0.6,0.0,12.0,25.0,391.0,15.6,3.0,25.0,391.0,15.6,3.0,Pac-12,Colorado,6-6,269.0,4.71,31.5,113.0,True,332.0
Odell Beckham Jr.,NYG,22,WR,12,11,130.0,91,70.0%,1305,12,58,60.8,10.0,7.6,108.8,1.0,13.333333333333334,47.666666666666664,780.0,15.9,4.0,50.0,805.6666666666666,15.666666666666666,4.0,SEC,LSU,5-11,198.0,4.38,38.5,122.0,True,12.0
Jarvis Landry,MIA,22,WR,16,11,112.0,84,75.0%,758,5,50,52.7,6.8,5.3,47.4,7.0,13.0,66.5,883.0,12.85,7.5,66.5,883.0,12.85,7.5,SEC,LSU,5-11,205.0,4.65,28.5,110.0,True,95.0
Kelvin Benjamin,CAR,23,WR,16,15,145.0,73,50.3%,1008,9,52,43.4,7.0,4.6,63.0,1.0,14.0,42.0,753.0,17.6,9.5,43.0,769.5,17.6,9.5,ACC,Florida State,6-5,240.0,4.61,32.5,119.0,True,28.0
Mike Evans,TAM,21,WR,15,15,122.0,68,55.7%,1051,12,46,46.7,8.6,4.5,70.1,0.0,13.0,75.5,1249.5,16.85,8.5,75.5,1249.5,16.85,8.5,SEC,Texas A&M,6-5,231.0,4.53,37.0,35.5,True,7.0
Jordan Matthews,PHI,22,WR,16,10,103.0,67,65.0%,872,8,43,52.4,8.5,4.2,54.5,0.0,13.0,82.33333333333333,1192.6666666666667,15.433333333333332,6.666666666666667,85.33333333333333,1231.0,15.433333333333332,7.0,SEC,Vanderbilt,6-3,212.0,4.46,35.5,120.0,True,74.0
Sammy Watkins,BUF,21,WR,16,16,128.0,65,50.8%,982,6,48,46.9,7.7,4.1,61.4,1.0,12.0,80.0,1130.3333333333333,13.933333333333332,9.0,97.33333333333333,1243.3333333333333,12.6,9.333333333333334,ACC,Clemson,6-1,211.0,4.43,34.0,126.0,True,4.0
Brandin Cooks,NOR,21,WR,10,7,69.0,53,76.8%,550,3,25,58.0,8.0,5.3,55.0,1.0,12.666666666666666,75.33333333333333,1090.6666666666667,14.433333333333332,8.0,95.66666666666667,1204.0,12.333333333333334,8.666666666666666,Pac-12,Oregon State,5-10,189.0,4.33,36.0,120.0,True,20.0
Allen Hurns,JAX,23,WR,16,8,97.0,51,52.6%,677,6,26,38.1,7.0,3.2,42.3,0.0,12.0,40.333333333333336,630.3333333333334,14.433333333333332,4.666666666666667,40.666666666666664,634.6666666666666,14.433333333333332,4.666666666666667,ACC,Miami (FL),6-1,198.0,4.55,31.0,120.0,False,225.0
Allen Robinson,JAX,21,WR,10,8,81.0,48,59.3%,548,2,26,49.4,6.8,4.8,54.8,0.0,12.0,87.0,1225.0,14.0,8.5,90.0,1243.0,13.75,8.5,Big Ten,Penn State,6-3,220.0,4.6,39.0,127.0,True,93.0
Davante Adams,GNB,22,WR,16,11,66.0,38,57.6%,446,3,23,48.5,6.8,2.4,27.9,0.0,13.0,116.5,1515.5,13.0,19.0,116.5,1515.5,13.0,19.0,MWC,Fresno State,6-1,212.0,4.56,39.5,123.0,True,85.0
Jace Amaro,NYJ,22,TE,14,4,53.0,38,71.7%,345,2,20,49.1,6.5,2.7,24.6,1.0,10.0,65.5,880.5,14.6,5.5,65.5,880.5,14.6,5.5,Big 12,Texas Tech,6-5,265.0,4.74,33.0,118.0,True,81.0
Marqise Lee,JAX,23,WR,13,8,69.0,37,53.6%,422,1,21,44.9,6.1,2.8,32.5,0.0,12.0,82.66666666666667,1218.3333333333333,14.733333333333334,9.666666666666666,90.66666666666667,1267.0,13.9,9.666666666666666,Pac-12,USC,6-0,192.0,4.52,38.0,127.0,True,71.0
Donte Moncrief,IND,21,WR,16,2,49.0,32,65.3%,444,3,15,44.9,9.1,2.0,27.8,0.0,12.666666666666666,52.0,790.3333333333334,15.1,6.666666666666667,52.0,790.3333333333334,15.1,6.666666666666667,SEC,Mississippi,6-2,221.0,4.4,39.5,132.0,True,154.0
Paul Richardson,SEA,22,WR,15,6,44.0,29,65.9%,271,1,16,50.0,6.2,1.9,18.1,1.0,11.0,52.0,804.0,15.166666666666666,7.0,55.0,816.6666666666666,14.4,7.0,Pac-12,Colorado,6-0,175.0,4.4,38.0,124.0,True,77.0
Martavis Bryant,PIT,23,WR,10,3,48.0,26,54.2%,549,8,16,45.8,11.4,2.6,54.9,0.0,13.0,42.0,828.0,19.7,7.0,42.0,828.0,19.7,7.0,ACC,Clemson,6-4,211.0,4.42,39.0,124.0,True,214.0
Eric Ebron,DET,21,TE,13,7,47.0,25,53.2%,248,1,14,44.7,5.3,1.9,19.1,0.0,12.0,51.0,799.0,15.649999999999999,3.5,52.0,802.5,15.45,3.5,ACC,North Carolina,6-4,250.0,4.6,32.0,120.0,True,10.0
Corey Brown,CAR,23,WR,13,3,36.0,21,58.3%,296,2,12,50.0,8.2,1.6,22.8,3.0,13.0,61.5,720.0,11.7,6.5,69.0,789.0,11.45,7.0,Big Ten,Ohio State,5-11,178.0,4.51,33.0,116.0,False,225.0
Austin Seferian-Jenkins,TAM,22,TE,9,9,38.0,21,55.3%,221,2,12,50.0,5.8,2.3,24.6,1.0,12.666666666666666,48.666666666666664,613.3333333333334,12.633333333333333,7.0,48.666666666666664,613.3333333333334,12.633333333333333,7.0,Pac-12,Washington,6-5,262.0,4.75,35.5,35.5,True,70.0
Richard Rodgers,GNB,22,TE,16,5,30.0,20,66.7%,225,2,10,50.0,7.5,1.3,14.1,0.0,11.0,39.0,608.0,15.6,1.0,46.0,617.0,13.4,1.0,Pac-12,California,6-4,257.0,4.87,31.5,116.0,True,162.0
Albert Wilson,KAN,22,WR,12,2,28.0,16,57.1%,260,0,12,53.6,9.3,1.3,21.7,0.0,12.0,71.0,1177.0,16.6,8.0,95.0,1428.0,15.0,9.0,Sun Belt,Georgia State,5-9,202.0,4.43,37.5,123.0,False,225.0
Crockett Gillmore,BAL,23,TE,15,1,15.0,10,66.7%,121,1,8,66.7,8.1,0.7,8.1,0.0,12.0,46.0,522.5,11.350000000000001,3.0,46.0,522.5,11.350000000000001,3.0,MWC,Colorado State,6-6,260.0,4.89,33.5,120.0,True,163.0
Kevin Norwood,SEA,25,WR,9,2,10.0,9,90.0%,102,0,5,60.0,10.2,1.0,11.3,0.0,12.5,33.5,514.5,15.4,5.5,33.5,514.5,15.4,5.5,SEC,Alabama,6-2,198.0,4.48,33.0,121.0,True,219.0
Josh Huff,PHI,23,WR,12,0,18.0,8,44.4%,98,0,4,38.9,5.4,0.7,8.2,1.0,12.0,41.666666666666664,687.6666666666666,15.9,7.0,43.666666666666664,697.0,15.5,7.0,Pac-12,Oregon,5-11,206.0,4.51,35.5,116.0,True,150.0
Dri Archer,PIT,23,WR,12,0,10.0,7,70.0%,23,0,0,30.0,2.3,0.6,1.9,0.0,12.0,32.0,444.0,13.75,4.0,145.5,1422.0,9.649999999999999,15.0,MAC,Kent State,5-8,173.0,4.26,38.0,122.0,True,161.0
Michael Campanaro,BAL,23,WR,4,0,9.0,7,77.8%,102,1,5,66.7,11.3,1.8,25.5,0.0,10.0,73.0,799.6666666666666,11.033333333333333,4.666666666666667,80.33333333333333,838.0,10.6,5.0,ACC,Wake Forest,5-9,192.0,4.46,39.0,122.0,True,410.0
Ryan Grant,WAS,24,WR,16,2,15.0,7,46.7%,68,0,4,40.0,4.5,0.4,4.3,0.0,12.333333333333334,62.0,901.0,14.733333333333334,6.333333333333333,63.666666666666664,902.0,14.066666666666668,6.333333333333333,CUSA,Tulane,6-0,199.0,4.64,35.5,119.0,True,270.0
Bruce Ellington,SFO,23,WR,13,0,12.0,6,50.0%,62,2,5,41.7,5.2,0.5,4.8,1.0,12.5,44.5,687.5,15.4,7.5,48.5,708.5,14.6,7.5,SEC,South Carolina,5-9,197.0,4.45,39.5,120.0,True,202.0
Robert Herron,TAM,22,WR,8,0,12.0,6,50.0%,58,1,3,50.0,4.8,0.8,7.3,0.0,10.666666666666666,48.666666666666664,656.0,14.299999999999999,6.666666666666667,53.333333333333336,681.0,13.466666666666669,6.666666666666667,MWC,Wyoming,5-9,193.0,4.48,35.5,125.0,True,345.0
C.J. Fiedorowicz,HOU,23,TE,15,8,7.0,4,57.1%,28,1,1,42.9,4.0,0.3,1.9,0.0,12.5,37.5,366.0,9.8,3.5,37.5,366.0,9.8,3.5,Big Ten,Iowa,6-5,265.0,4.76,31.5,116.0,True,129.0
Troy Niklas,ARI,22,TE,7,2,3.0,3,100.0%,38,0,2,100.0,12.7,0.4,5.4,0.0,13.0,32.0,498.0,15.6,5.0,32.0,498.0,15.6,5.0,Ind,Notre Dame,6-6,270.0,4.84,32.0,114.0,True,84.0
Cody Latimer,DEN,22,WR,8,0,4.0,2,50.0%,23,0,1,50.0,5.8,0.3,2.9,0.0,12.0,61.5,950.5,15.5,7.5,61.5,950.5,15.5,7.5,Big Ten,Indiana,6-2,215.0,4.52,35.5,35.5,True,88.0
Devin Street,DAL,23,WR,16,0,7.0,2,28.6%,18,0,1,28.6,2.6,0.1,1.1,0.0,12.25,50.5,725.25,14.25,4.0,53.25,744.5,13.8,4.0,ACC,Pittsburgh,6-3,198.0,4.55,37.0,124.0,True,274.0
Marcel Jensen,JAX,24,TE,1,0,1.0,1,100.0%,8,0,0,0.0,8.0,1.0,8.0,0.0,11.0,26.0,353.0,13.6,3.0,26.0,353.0,13.6,3.0,MWC,Fresno State,6-6,259.0,4.85,35.0,115.0,False,225.0
Jalen Saunders,4TM,22,WR,15,0,1.0,1,100.0%,7,0,0,0.0,7.0,0.1,0.5,2.0,12.0,50.75,771.25,15.525,6.5,58.75,846.5,14.45,7.0,Big 12,Oklahoma,5-9,165.0,4.44,34.0,122.0,True,200.0
Isaiah Burse,DEN,23,WR,12,0,1.0,0,0.0%,0,0,0,0.0,0.0,0.0,0.0,3.0,13.0,65.66666666666667,771.0,12.033333333333333,4.333333333333333,71.0,811.0,11.666666666666666,5.333333333333333,MWC,Fresno State,5-10,188.0,4.58,31.0,115.0,False,225.0
Amari Cooper,OAK,21,WR,16,15,130.0,72,55.4%,1070,6,47,47.7,8.2,4.5,66.9,1.0,13.0,76.0,1154.3333333333333,15.733333333333333,10.333333333333334,78.0,1171.3333333333333,15.700000000000001,10.333333333333334,SEC,Alabama,6-1,211.0,4.42,33.0,120.0,True,4.0
Jamison Crowder,WAS,22,WR,16,6,78.0,59,75.6%,604,2,34,57.7,7.7,3.7,37.8,4.0,13.333333333333334,89.66666666666667,1159.3333333333333,13.0,7.333333333333333,94.0,1190.3333333333333,12.733333333333334,7.666666666666667,ACC,Duke,5-8,185.0,4.56,37.0,115.0,True,201.0
Stefon Diggs,MIN,22,WR,13,9,84.0,52,61.9%,720,4,30,46.4,8.6,4.0,55.4,2.0,9.333333333333334,50.0,742.3333333333334,15.266666666666666,4.666666666666667,60.666666666666664,804.6666666666666,13.533333333333333,4.666666666666667,Big Ten,Maryland,6-0,195.0,4.46,35.0,115.0,True,274.0
Tyler Lockett,SEA,23,WR,16,8,69.0,51,73.9%,664,6,31,66.7,9.6,3.2,41.5,2.0,12.666666666666666,77.0,1154.6666666666667,15.166666666666666,8.666666666666666,81.0,1182.0,14.633333333333333,8.666666666666666,Big 12,Kansas State,5-10,182.0,4.4,35.5,121.0,True,133.0
Dorial Green-Beckham,TEN,22,WR,16,5,67.0,32,47.8%,549,4,30,47.8,8.2,2.0,34.3,0.0,12.5,43.5,639.0,14.55,8.5,46.5,648.5,13.65,8.5,SEC,Oklahoma,6-5,237.0,4.49,33.5,119.0,True,72.0
Maxx Williams,BAL,21,TE,14,7,48.0,32,66.7%,268,1,16,50.0,5.6,2.3,19.1,1.0,12.5,30.5,493.0,16.25,6.5,31.0,496.5,16.05,6.5,Big Ten,Minnesota,6-4,249.0,4.78,34.5,117.0,True,87.0
Devin Funchess,CAR,21,WR,16,5,63.0,31,49.2%,473,5,24,47.6,7.5,1.9,29.6,1.0,12.0,55.5,740.5,13.55,5.0,59.5,752.0,12.75,5.0,Big Ten,Michigan,6-4,232.0,4.7,38.5,122.0,True,73.0
Clive Walford,OAK,24,TE,16,2,50.0,28,56.0%,329,3,20,40.0,6.6,1.8,20.6,0.0,12.0,34.333333333333336,527.0,15.6,4.333333333333333,34.333333333333336,527.0,15.6,4.333333333333333,ACC,Miami (FL),6-4,251.0,4.79,35.0,120.0,True,132.0
Nelson Agholor,PHI,22,WR,13,12,44.0,23,52.3%,283,1,11,45.5,6.4,1.8,21.8,1.0,13.5,80.0,1115.5,14.5,9.0,83.0,1121.0,14.1,9.0,Pac-12,USC,6-0,198.0,4.42,35.5,35.5,True,20.0
Justin Hardy,ATL,24,WR,9,1,36.0,21,58.3%,194,0,11,41.7,5.4,2.3,21.6,0.0,12.25,96.75,1135.25,11.625,8.75,97.0,1137.0,11.625,9.0,American,East Carolina,5-10,192.0,4.56,36.5,114.0,True,203.0
Rashad Greene,JAX,23,WR,9,0,35.0,19,54.3%,93,2,9,37.1,2.7,2.1,10.3,1.0,12.75,67.5,957.5,14.325,7.25,69.75,977.75,14.15,7.5,ACC,Florida State,5-11,182.0,4.53,36.5,122.0,True,267.0
Phillip Dorsett,IND,22,WR,11,0,39.0,18,46.2%,225,1,10,33.3,5.8,1.6,20.5,2.0,12.5,47.0,856.5,19.35,7.0,50.5,857.5,18.15,7.0,ACC,Miami (FL),5-10,185.0,4.33,37.0,122.0,True,29.0
Chris Conley,KAN,23,WR,16,5,31.0,17,54.8%,199,1,12,51.6,6.4,1.1,12.4,0.0,12.0,40.5,654.0,16.4,6.0,40.5,654.0,16.4,6.0,SEC,Georgia,6-2,213.0,4.35,45.0,139.0,True,140.0
Ty Montgomery,GNB,22,WR,6,3,19.0,15,78.9%,136,2,6,63.2,7.2,2.5,22.7,0.0,12.5,61.0,781.0,12.8,6.5,79.0,932.5,12.0,8.0,Pac-12,Stanford,6-0,221.0,4.55,40.5,121.0,True,158.0
Keith Mumphery,HOU,23,WR,16,3,32.0,14,43.8%,129,0,5,37.5,4.0,0.9,8.1,3.0,13.0,34.0,505.0,15.65,2.0,40.0,566.5,14.8,2.5,Big Ten,Michigan State,6-0,215.0,4.54,32.5,121.0,True,303.0
Jaelen Strong,HOU,21,WR,10,1,24.0,14,58.3%,161,3,9,50.0,6.7,1.4,16.1,0.0,13.0,78.5,1143.5,14.6,8.5,78.5,1143.5,14.6,8.5,Pac-12,Arizona State,6-2,217.0,4.44,42.0,123.0,True,134.0
Tyler Kroft,CIN,23,TE,16,6,15.0,11,73.3%,129,1,6,46.7,8.6,0.7,8.1,0.0,13.0,43.0,573.0,13.3,4.0,43.0,573.0,13.3,4.0,American,Rutgers,6-5,246.0,4.75,35.5,35.5,True,149.0
Devin Smith,NYJ,23,WR,10,3,28.0,9,32.1%,115,1,5,32.1,4.1,0.9,11.5,1.0,13.666666666666666,35.666666666666664,736.3333333333334,21.266666666666666,8.666666666666666,36.0,737.0,21.066666666666666,8.666666666666666,Big Ten,Ohio State,6-0,196.0,4.42,39.0,122.0,True,69.0
Jesse James,PIT,21,TE,8,2,11.0,8,72.7%,56,1,2,54.5,5.1,1.0,7.0,0.0,11.5,31.5,364.5,11.850000000000001,3.0,31.5,364.5,11.850000000000001,3.0,Big Ten,Penn State,6-7,261.0,4.83,37.5,121.0,True,288.0
Geremy Davis,NYG,23,WR,10,0,3.0,2,66.7%,21,0,1,33.3,7.0,0.2,2.1,0.0,11.666666666666666,53.0,739.6666666666666,13.666666666666666,2.3333333333333335,53.0,739.6666666666666,13.666666666666666,2.3333333333333335,American,Connecticut,6-2,216.0,4.49,36.5,124.0,True,346.0
Mario Alford,CIN,23,WR,1,0,1.0,1,100.0%,15,0,1,100.0,15.0,1.0,15.0,0.0,11.0,46.0,748.5,17.45,6.5,49.5,779.0,16.5,6.5,Big 12,West Virginia,5-8,180.0,4.43,34.0,121.0,True,430.0
E.J. Bibbs,CLE,24,TE,7,0,2.0,1,50.0%,7,0,0,0.0,3.5,0.1,1.0,0.0,11.0,42.0,422.0,10.15,5.0,42.0,422.0,10.15,5.0,Big 12,Iowa State,6-2,258.0,4.88,35.5,35.5,False,225.0
Sammie Coates,PIT,22,WR,6,0,2.0,1,50.0%,11,0,1,50.0,5.5,0.2,1.8,0.0,12.5,38.0,821.5,21.65,5.5,38.0,821.5,21.65,5.5,SEC,Auburn,6-1,212.0,4.43,41.0,131.0,True,151.0
Nick O'Leary,BUF,23,TE,4,0,3.0,1,33.3%,37,0,1,33.3,12.3,0.3,9.3,0.0,13.0,40.5,587.5,14.899999999999999,6.5,40.5,587.5,14.899999999999999,7.0,ACC,Florida State,6-3,252.0,4.93,30.5,110.0,True,354.0
Vince Mayle,DAL,24,WR,1,0,1.0,0,0.0%,0,0,0,0.0,0.0,0.0,0.0,0.0,11.5,74.0,1011.0,13.4,8.0,74.0,1011.0,13.4,8.0,Pac-12,Washington State,6-2,224.0,4.67,35.5,117.0,True,219.0
Michael Thomas,NOR,23,WR,15,12,121.0,92,76.0%,1137,9,62,67.8,9.4,6.1,75.8,2.0,13.25,55.5,890.75,15.675,9.25,55.5,890.75,15.675,9.25,Big Ten,Ohio State,6-3,212.0,4.57,35.0,126.0,True,79.0
Sterling Shepard,NYG,23,WR,16,16,105.0,65,61.9%,683,8,42,49.5,6.5,4.1,42.7,0.0,12.5,58.25,870.5,14.9,6.5,62.5,897.75,14.25,6.75,Big 12,Oklahoma,5-10,194.0,4.48,41.0,123.0,True,72.0
Tyler Boyd,CIN,22,WR,16,2,81.0,54,66.7%,603,1,33,55.6,7.4,3.4,37.7,1.0,12.666666666666666,84.66666666666667,1120.3333333333333,13.4,7.0,105.66666666666667,1293.6666666666667,12.6,7.333333333333333,ACC,Pittsburgh,6-1,197.0,4.58,34.0,119.0,True,87.0
Tajae Sharpe,TEN,22,WR,16,10,83.0,41,49.4%,522,2,27,45.8,6.3,2.6,32.6,0.0,12.0,85.66666666666667,1093.3333333333333,12.700000000000001,5.333333333333333,87.0,1097.0,12.533333333333333,5.333333333333333,MAC,Massachusetts,6-2,194.0,4.55,33.5,114.0,True,268.0
Hunter Henry,SDG,22,TE,15,10,53.0,36,67.9%,478,8,30,62.3,9.0,2.4,31.9,1.0,12.0,38.666666666666664,553.6666666666666,14.333333333333334,3.0,38.666666666666664,553.6666666666666,14.333333333333334,3.0,SEC,Arkansas,6-5,250.0,4.79,35.5,35.5,True,67.0
Corey Coleman,CLE,22,WR,10,10,73.0,33,45.2%,413,3,18,37.0,5.7,3.3,41.3,0.0,11.333333333333334,57.666666666666664,1003.0,17.0,11.0,68.66666666666667,1057.6666666666667,15.366666666666667,11.333333333333334,Big 12,Baylor,5-11,194.0,4.42,40.5,129.0,True,15.0
Malcolm Mitchell,NWE,24,WR,14,6,48.0,32,66.7%,401,4,23,58.3,8.4,2.3,28.6,0.0,11.5,43.5,587.5,13.0,4.0,45.75,601.25,12.575,4.0,SEC,Georgia,6-0,198.0,4.45,36.0,129.0,True,208.0
Austin Hooper,ATL,22,TE,14,3,27.0,19,70.4%,271,3,16,59.3,10.0,1.4,19.4,0.0,13.5,37.0,468.5,12.7,4.0,37.0,468.5,12.7,4.0,Pac-12,Stanford,6-4,254.0,4.72,33.0,117.0,True,145.0
Charone Peake,NYJ,24,WR,15,1,35.0,19,54.3%,186,0,7,42.9,5.3,1.3,12.4,0.0,14.0,37.5,444.0,10.600000000000001,3.5,38.0,446.0,10.55,3.5,ACC,Clemson,6-2,209.0,4.45,35.5,122.0,True,433.0
Ricardo Louis,CLE,22,WR,16,3,35.0,18,51.4%,205,0,7,40.0,5.9,1.1,12.8,1.0,13.5,37.0,520.5,13.6,2.5,61.0,698.5,11.399999999999999,3.0,SEC,Auburn,6-2,215.0,4.43,38.0,132.0,True,210.0
Cody Core,CIN,22,WR,8,4,27.0,17,63.0%,200,0,7,44.4,7.4,2.1,25.0,0.0,13.0,39.0,601.0,15.5,5.0,41.5,644.5,15.65,5.0,SEC,Mississippi,6-3,205.0,4.47,31.5,119.0,True,359.0
Jerell Adams,NYG,24,TE,13,2,21.0,16,76.2%,122,1,8,57.1,5.8,1.2,9.4,1.0,12.0,28.0,421.0,15.0,3.0,28.0,421.0,15.0,3.0,SEC,South Carolina,6-5,247.0,4.64,32.5,117.0,True,344.0
Braxton Miller,HOU,24,WR,10,6,28.0,15,53.6%,99,1,6,25.0,3.5,1.5,9.9,0.0,13.0,26.0,341.0,13.1,3.0,68.0,601.0,8.8,4.0,Big Ten,Ohio State,6-1,201.0,4.5,35.0,123.0,True,149.0
Pharoh Cooper,LAR,21,WR,10,3,20.0,14,70.0%,106,0,5,25.0,5.3,1.4,10.6,0.0,12.5,67.5,1054.5,15.6,8.5,93.0,1210.0,12.95,10.0,SEC,South Carolina,5-11,203.0,4.52,31.0,115.0,True,213.0
Jalin Marshall,NYJ,21,WR,10,1,23.0,14,60.9%,162,2,9,43.5,7.0,1.4,16.2,4.0,13.5,37.0,488.0,13.2,5.5,50.5,575.5,11.75,6.0,Big Ten,Ohio State,5-10,200.0,4.6,37.5,125.0,False,225.0
Geronimo Allison,GNB,22,WR,10,2,22.0,12,54.5%,202,2,11,50.0,9.2,1.2,20.2,0.0,12.0,53.0,740.0,14.1,4.0,53.0,740.0,14.1,4.0,Big Ten,Illinois,6-3,196.0,4.67,33.0,127.0,False,225.0
Stephen Anderson,HOU,23,TE,13,0,16.0,11,68.8%,93,1,6,56.3,5.8,0.8,7.2,0.0,11.5,43.5,567.5,13.0,3.5,43.5,567.5,13.0,3.5,Pac-12,California,6-2,230.0,4.59,38.0,119.0,False,225.0
Tyler Higbee,LAR,23,TE,16,7,29.0,11,37.9%,85,1,3,10.3,2.9,0.7,5.3,0.0,9.0,38.0,563.0,14.8,8.0,38.0,563.0,14.8,8.0,CUSA,Western Kentucky,6-6,249.0,4.77,35.5,35.5,True,206.0
Aaron Burbridge,SFO,23,WR,16,3,16.0,7,43.8%,88,0,5,37.5,5.5,0.4,5.5,1.0,12.333333333333334,47.666666666666664,660.0,13.233333333333334,3.3333333333333335,53.666666666666664,689.0,12.299999999999999,3.3333333333333335,Big Ten,Michigan State,6-0,206.0,4.56,30.5,115.0,True,373.0
Roger Lewis,NYG,23,WR,13,1,19.0,7,36.8%,97,2,4,31.6,5.1,0.5,7.5,0.0,14.0,79.0,1318.5,16.6,11.5,79.5,1317.0,16.45,11.5,MAC,Bowling Green,6-0,201.0,4.57,33.5,116.0,False,225.0
Chris Moore,BAL,23,WR,15,0,16.0,7,43.8%,46,0,2,31.3,2.9,0.5,3.1,1.0,12.666666666666666,38.333333333333336,729.3333333333334,19.5,8.0,39.666666666666664,738.0,19.166666666666668,8.0,American,Cincinnati,6-1,206.0,4.53,37.0,130.0,True,203.0
Demarcus Ayers,PIT,22,WR,2,1,13.0,6,46.2%,53,1,3,46.2,4.1,3.0,26.5,0.0,13.5,65.5,778.5,11.35,4.0,79.0,854.0,10.399999999999999,4.5,American,Houston,5-9,182.0,4.72,33.0,123.0,True,421.0
Rashard Higgins,CLE,22,WR,16,0,12.0,6,50.0%,77,0,5,41.7,6.4,0.4,4.8,0.0,12.666666666666666,79.66666666666667,1216.3333333333333,14.9,10.333333333333334,80.0,1223.0,14.9,10.333333333333334,MWC,Colorado State,6-1,196.0,4.64,32.0,116.0,True,300.0
Leonte Carroo,MIA,22,WR,14,2,6.0,3,50.0%,29,1,2,33.3,4.8,0.2,2.1,0.0,10.0,40.666666666666664,791.0,19.166666666666668,9.666666666666666,40.666666666666664,791.0,19.166666666666668,9.666666666666666,Big Ten,Rutgers,6-0,211.0,4.5,35.5,120.0,True,150.0
Trevor Davis,GNB,23,WR,11,0,7.0,3,42.9%,24,1,2,42.9,3.4,0.3,2.2,2.0,10.0,30.666666666666668,479.0,15.5,3.3333333333333335,31.666666666666668,480.3333333333333,15.133333333333335,3.3333333333333335,Pac-12,California,6-1,188.0,4.42,38.5,124.0,True,291.0
Josh Doctson,WAS,24,WR,2,0,6.0,2,33.3%,66,0,1,33.3,11.0,1.0,33.0,0.0,11.5,53.75,794.5,13.975,8.5,54.0,796.0,13.95,8.5,Big 12,TCU,6-2,202.0,4.5,41.0,131.0,True,22.0
Johnny Holton,OAK,26,WR,15,0,3.0,2,66.7%,34,0,2,66.7,11.3,0.1,2.3,1.0,13.0,29.0,431.0,14.9,5.0,29.0,431.0,14.9,5.0,American,Cincinnati,6-1,190.0,4.54,31.5,123.0,False,225.0
Bralon Addison,CHI,23,WR,2,0,1.0,1,100.0%,11,0,1,100.0,11.0,0.5,5.5,1.0,13.0,62.0,847.0,13.7,8.5,72.0,899.5,12.649999999999999,9.5,Pac-12,Oregon,5-9,197.0,4.66,34.5,116.0,False,225.0
D.J. Foster,NWE,23,WR,3,0,2.0,1,50.0%,2,0,0,0.0,1.0,0.3,0.7,0.0,13.25,55.5,614.5,11.35,3.5,166.5,1203.25,7.3,8.0,Pac-12,Arizona State,5-10,193.0,4.57,35.5,117.0,False,225.0
David Morgan,MIN,23,TE,12,0,1.0,1,100.0%,4,0,0,100.0,4.0,0.1,0.3,0.0,12.0,45.0,566.0,12.6,5.0,45.0,566.0,12.6,5.0,CUSA,Texas-San Antonio,6-4,262.0,4.52,35.5,35.5,True,348.0
Jordan Payton,CLE,23,WR,4,0,3.0,1,33.3%,3,0,0,0.0,1.0,0.3,0.8,0.0,12.666666666666666,61.0,833.3333333333334,13.333333333333334,4.333333333333333,61.0,833.3333333333334,13.333333333333334,4.333333333333333,Pac-12,UCLA,6-1,207.0,4.47,34.5,121.0,True,282.0
Laquon Treadwell,MIN,21,WR,9,1,3.0,1,33.3%,15,0,1,33.3,5.0,0.1,1.7,0.0,11.666666666666666,67.33333333333333,797.6666666666666,11.9,7.0,69.33333333333333,794.3333333333334,11.466666666666667,7.0,SEC,Mississippi,6-2,221.0,4.52,33.0,117.0,True,23.0
Evan Engram,NYG,23,TE,15,11,115.0,64,55.7%,722,6,37,44.3,6.3,4.3,48.1,0.0,12.333333333333334,47.0,684.0,14.6,4.0,47.0,684.0,14.6,4.0,SEC,Mississippi,6-3,234.0,4.42,36.0,125.0,True,23.0
JuJu Smith-Schuster,PIT,21,WR,14,7,79.0,58,73.4%,917,7,37,57.0,11.6,4.1,65.5,0.0,13.333333333333334,71.0,1030.6666666666667,14.266666666666666,8.333333333333334,73.66666666666667,1042.0,13.9,8.333333333333334,Pac-12,USC,6-1,215.0,4.54,32.5,120.0,True,94.0
Trent Taylor,SFO,23,WR,15,1,60.0,43,71.7%,430,2,27,51.7,7.2,2.9,28.7,1.0,12.75,81.75,1044.75,12.125,8.0,81.75,1044.75,12.125,8.0,CUSA,Louisiana Tech,5-8,181.0,4.63,33.0,117.0,True,305.0
Corey Davis,TEN,22,WR,11,9,65.0,34,52.3%,375,0,17,36.9,5.8,3.1,34.1,1.0,12.5,83.0,1321.25,15.9,13.0,83.75,1324.5,15.8,13.0,MAC,West. Michigan,6-3,209.0,4.52,35.5,35.5,True,5.0
Chris Godwin,TAM,21,WR,16,2,55.0,34,61.8%,525,1,27,58.2,9.5,2.1,32.8,0.0,13.333333333333334,51.333333333333336,807.0,15.200000000000001,6.0,52.333333333333336,811.6666666666666,14.9,6.0,Big Ten,Penn State,6-1,209.0,4.42,36.0,126.0,True,148.0
David Njoku,CLE,21,TE,16,5,60.0,32,53.3%,386,4,17,38.3,6.4,2.0,24.1,0.0,13.0,43.0,698.0,16.2,8.0,43.0,698.0,16.2,8.0,ACC,Miami (FL),6-4,246.0,4.64,37.5,133.0,True,29.0
Kenny Golladay,DET,24,WR,11,5,48.0,28,58.3%,477,3,18,50.0,9.9,2.5,43.4,0.0,13.0,80.0,1142.5,14.4,9.0,94.5,1245.5,13.25,10.5,MAC,Northern Illinois,6-4,218.0,4.5,35.5,120.0,True,160.0
Zay Jones,BUF,22,WR,15,10,74.0,27,36.5%,316,2,19,33.8,4.3,1.8,21.1,0.0,12.25,99.75,1069.75,10.549999999999999,5.75,101.0,1074.25,10.45,5.75,American,East Carolina,6-2,201.0,4.45,36.5,133.0,True,69.0
Dede Westbrook,JAX,24,WR,7,5,51.0,27,52.9%,339,1,15,41.2,6.6,3.9,48.4,1.0,13.0,63.0,1133.5,17.65,10.5,70.5,1192.5,16.5,10.5,Big 12,Oklahoma,6-0,178.0,4.52,35.5,35.5,True,206.0
O.J. Howard,TAM,23,TE,14,14,39.0,26,66.7%,432,6,20,59.0,11.1,1.9,30.9,3.0,15.0,41.5,598.5,14.5,2.5,41.5,598.5,14.5,2.5,SEC,Alabama,6-6,251.0,4.51,30.0,121.0,True,19.0
Jonnu Smith,TEN,22,TE,16,13,30.0,18,60.0%,157,2,5,40.0,5.2,1.1,9.8,0.0,10.75,44.5,500.25,11.125,4.5,44.75,501.5,11.1,4.5,CUSA,Florida International,6-3,248.0,4.62,38.0,127.0,True,164.0
Gerald Everett,LAR,23,TE,16,2,32.0,16,50.0%,244,2,6,31.3,7.6,1.0,15.3,1.0,12.5,45.0,646.0,14.3,6.0,49.0,649.5,13.25,8.0,Sun Belt,South Alabama,6-3,239.0,4.62,37.5,126.0,True,76.0
Mack Hollins,PHI,24,WR,16,0,22.0,16,72.7%,226,1,8,63.6,10.3,1.0,14.1,0.0,13.5,32.5,679.0,21.15,8.0,32.5,679.0,21.15,8.0,ACC,North Carolina,6-4,221.0,4.53,35.5,35.5,True,214.0
Taywan Taylor,TEN,22,WR,16,4,28.0,16,57.1%,231,1,9,39.3,8.3,1.0,14.4,0.0,12.75,63.25,1058.5,15.775,10.25,66.75,1068.0,15.225,10.25,CUSA,Western Kentucky,5-11,203.0,4.5,33.5,132.0,True,136.0
Curtis Samuel,CAR,21,WR,9,4,26.0,15,57.7%,115,0,6,38.5,4.4,1.7,12.8,0.0,13.0,74.0,865.0,11.7,7.0,171.0,1636.0,9.6,15.0,Big Ten,Ohio State,5-11,196.0,4.31,37.0,119.0,True,72.0
Ricky Seals-Jones,ARI,22,WR,10,1,28.0,12,42.9%,201,3,10,39.3,7.2,1.2,20.1,0.0,12.333333333333334,40.0,452.6666666666667,11.566666666666668,3.0,40.0,452.6666666666667,11.566666666666668,3.0,SEC,Texas A&M,6-5,243.0,4.69,28.0,121.0,False,225.0
Josh Reynolds,LAR,22,WR,16,1,24.0,11,45.8%,104,1,8,33.3,4.3,0.7,6.5,0.0,12.666666666666666,54.666666666666664,929.3333333333334,17.0,10.0,54.666666666666664,929.3333333333334,17.0,10.0,SEC,Texas A&M,6-3,194.0,4.52,37.0,124.0,True,213.0
Mike Williams,LAC,23,WR,10,1,23.0,11,47.8%,95,0,7,39.1,4.1,1.1,9.5,0.0,14.0,77.5,1195.5,16.0,8.5,77.5,1195.5,16.0,8.5,ACC,Clemson,6-4,218.0,4.52,32.5,121.0,True,7.0
Chad Hansen,NYJ,22,WR,15,1,17.0,9,52.9%,94,0,7,35.3,5.5,0.6,6.3,0.0,10.0,92.0,1249.0,13.6,11.0,92.0,1249.0,13.6,11.0,Pac-12,California,6-2,202.0,4.53,35.0,119.0,True,237.0
Amara Darboh,SEA,23,WR,16,0,13.0,8,61.5%,71,0,2,38.5,5.5,0.5,4.4,0.0,12.666666666666666,50.333333333333336,687.3333333333334,13.566666666666668,4.666666666666667,51.0,688.0,13.466666666666667,4.666666666666667,Big Ten,Michigan,6-2,214.0,4.45,36.0,124.0,True,170.0
Travis Rudolph,NYG,22,WR,7,1,21.0,8,38.1%,101,0,4,23.8,4.8,1.1,14.4,0.0,13.0,51.0,770.3333333333334,15.033333333333333,6.0,51.0,770.3333333333334,15.033333333333333,6.0,ACC,Florida State,6-0,189.0,4.65,31.5,114.0,False,225.0
Josh Malone,CIN,21,WR,11,7,17.0,6,35.3%,63,1,3,35.3,3.7,0.5,5.7,0.0,13.0,40.5,688.5,16.25,6.5,40.5,688.5,16.25,6.5,SEC,Tennessee,6-3,208.0,4.4,30.5,121.0,True,224.0
Ryan Switzer,DAL,23,WR,16,0,7.0,6,85.7%,41,0,4,71.4,5.9,0.4,2.6,1.0,13.25,61.0,728.0,11.875,4.75,67.0,747.5,10.95,4.75,ACC,North Carolina,5-8,181.0,4.51,32.0,116.0,True,229.0
Noah Brown,DAL,21,WR,13,1,9.0,4,44.4%,33,0,3,33.3,3.7,0.3,2.5,0.0,13.0,32.0,402.0,12.6,7.0,32.0,402.0,12.6,7.0,Big Ten,Ohio State,6-2,222.0,4.52,35.5,35.5,True,431.0
Isaiah McKenzie,DEN,22,WR,11,0,13.0,4,30.8%,29,0,2,15.4,2.2,0.4,2.6,6.0,13.0,44.0,633.0,14.4,7.0,63.0,767.0,12.2,9.0,SEC,Georgia,5-7,173.0,4.42,36.0,123.0,True,300.0
Michael Roberts,DET,23,TE,15,3,7.0,4,57.1%,46,0,2,42.9,6.6,0.3,3.1,0.0,13.0,45.0,533.0,11.8,16.0,45.0,533.0,11.8,16.0,MAC,Toledo,6-4,270.0,4.86,30.0,110.0,True,223.0
Jehu Chesson,KAN,24,WR,12,1,4.0,2,50.0%,18,0,2,50.0,4.5,0.2,1.5,0.0,13.0,42.5,632.0,14.8,5.5,52.5,741.0,13.9,7.0,Big Ten,Michigan,6-3,204.0,4.47,35.5,132.0,True,235.0
Shelton Gibson,PHI,23,WR,5,0,3.0,2,66.7%,11,0,1,33.3,3.7,0.4,2.2,0.0,13.0,40.0,919.0,23.05,8.5,41.0,933.5,22.9,8.5,Big 12,West Virginia,5-11,191.0,4.5,32.0,118.0,True,294.0
Cole Hikutini,SFO,23,TE,4,0,3.0,2,66.7%,15,0,2,66.7,5.0,0.5,3.8,0.0,13.0,50.0,668.0,13.4,8.0,50.0,668.0,13.4,8.0,ACC,Louisville,6-4,247.0,4.52,35.5,35.5,False,225.0
Jeremy Sprinkle,WAS,23,TE,11,5,3.0,2,66.7%,13,1,1,66.7,4.3,0.2,1.2,0.0,13.0,30.0,384.5,12.95,5.0,30.5,386.5,12.75,5.0,SEC,Arkansas,6-5,252.0,4.69,29.0,116.0,True,282.0
John Ross,CIN,22,WR,3,1,2.0,0,0.0%,0,0,0,0.0,0.0,0.0,0.0,1.0,14.0,81.0,1150.0,14.2,17.0,89.0,1252.0,14.1,18.0,Pac-12,Washington,5-11,188.0,4.22,37.0,133.0,True,9.0
Calvin Ridley,ATL,24,WR,16,5,92.0,64,69.6%,821,10,39,51.1,8.9,4.0,51.3,2.0,14.666666666666666,74.66666666666667,927.0,12.566666666666668,6.333333333333333,77.33333333333333,940.3333333333334,12.333333333333334,6.666666666666667,SEC,Alabama,6-0,189.0,4.43,31.0,110.0,True,26.0
D.J. Moore,CAR,21,WR,16,10,82.0,55,67.1%,788,2,33,53.7,9.6,3.4,49.3,4.0,12.333333333333334,48.666666666666664,675.6666666666666,14.233333333333334,5.666666666666667,54.333333333333336,717.3333333333334,13.433333333333332,6.0,Big Ten,Maryland,6-0,210.0,4.42,39.5,132.0,True,24.0
Antonio Callaway,CLE,21,WR,16,11,79.0,43,54.4%,586,5,27,44.3,7.4,2.7,36.6,1.0,13.0,44.5,699.5,16.4,3.5,48.5,725.0,15.55,4.0,SEC,Florida,5-11,200.0,4.41,34.0,121.0,True,201.0
Christian Kirk,ARI,22,WR,12,7,68.0,43,63.2%,590,3,21,44.1,8.7,3.6,49.2,0.0,13.0,78.0,952.0,12.233333333333334,8.666666666666666,85.66666666666667,992.0,11.666666666666666,8.666666666666666,SEC,Texas A&M,5-10,201.0,4.47,35.5,115.0,True,79.0
Courtland Sutton,DEN,23,WR,16,9,84.0,42,50.0%,704,4,30,45.2,8.4,2.6,44.0,0.0,12.333333333333334,64.33333333333333,1064.3333333333333,16.666666666666668,10.333333333333334,64.66666666666667,1065.0,16.599999999999998,10.666666666666666,American,SMU,6-3,218.0,4.54,35.5,124.0,True,72.0
Marquez Valdes-Scantling,GNB,24,WR,16,10,73.0,38,52.1%,581,2,23,43.8,8.0,2.4,36.3,0.0,12.0,53.0,879.0,16.6,6.0,61.0,987.0,16.2,7.0,American,South Florida,6-4,206.0,4.37,30.5,124.0,True,302.0
Ian Thomas,CAR,22,TE,16,6,49.0,36,73.5%,333,2,20,53.1,6.8,2.3,20.8,0.0,10.0,25.0,376.0,15.0,5.0,25.0,376.0,15.0,5.0,Big Ten,Indiana,6-4,259.0,4.74,36.0,123.0,True,197.0
Mark Andrews,BAL,23,TE,16,3,50.0,34,68.0%,552,3,28,64.0,11.0,2.1,34.5,0.0,13.5,46.5,723.5,15.65,7.5,46.5,723.5,15.65,7.5,Big 12,Oklahoma,6-5,256.0,4.67,31.0,113.0,True,150.0
Michael Gallup,DAL,22,WR,16,8,68.0,33,48.5%,507,2,21,41.2,7.5,2.1,31.7,0.0,13.0,88.0,1342.5,15.399999999999999,10.5,90.0,1350.0,15.100000000000001,10.5,MWC,Colorado State,6-1,205.0,4.51,36.0,122.0,True,145.0
Anthony Miller,CHI,24,WR,15,4,54.0,33,61.1%,423,7,19,50.0,7.8,2.2,28.2,1.0,12.25,66.0,986.75,14.7,9.25,73.75,1023.75,13.775,10.0,American,Memphis,5-11,201.0,4.52,35.5,35.5,True,83.0
Keke Coutee,HOU,21,WR,6,2,41.0,28,68.3%,287,1,13,48.8,7.0,4.7,47.8,0.0,12.5,74.0,1159.5,15.8,8.5,78.0,1168.0,15.05,9.0,Big 12,Texas Tech,5-10,181.0,4.43,34.5,113.0,True,199.0
Dante Pettis,SFO,23,WR,12,7,45.0,27,60.0%,467,5,19,44.4,10.4,2.3,38.9,2.0,13.333333333333334,48.666666666666664,665.6666666666666,13.799999999999999,7.666666666666667,50.0,679.6666666666666,13.633333333333333,7.666666666666667,Pac-12,Washington,6-0,186.0,4.52,35.5,35.5,True,76.0
Mike Gesicki,MIA,23,TE,16,7,32.0,22,68.8%,202,0,9,46.9,6.3,1.4,12.6,1.0,13.5,52.5,621.0,12.0,7.0,52.5,621.0,12.0,7.0,Big Ten,Penn State,6-5,247.0,4.54,41.5,129.0,True,74.0
Jordan Akins,HOU,26,TE,16,6,25.0,17,68.0%,225,0,11,52.0,9.0,1.1,14.1,0.0,12.0,32.0,515.0,16.1,4.0,32.0,515.0,16.1,4.0,American,Central Florida,6-3,249.0,4.52,35.5,35.5,True,162.0
James Washington,PIT,22,WR,14,6,38.0,16,42.1%,217,1,11,42.1,5.7,1.1,15.5,0.0,12.166666666666666,49.166666666666664,828.6666666666666,15.25,6.666666666666667,100.16666666666667,1025.6666666666667,14.066666666666668,8.166666666666666,Big 12,Oklahoma State,5-11,213.0,4.54,34.5,120.0,True,92.0
Marcell Ateman,OAK,24,WR,7,6,31.0,15,48.4%,154,1,7,35.5,5.0,2.1,22.0,0.0,13.0,52.0,961.0,18.3,6.5,52.5,961.5,18.15,6.5,Big 12,Oklahoma State,6-4,216.0,4.62,34.0,121.0,True,420.0
Hayden Hurst,BAL,25,TE,12,0,23.0,13,56.5%,163,1,8,39.1,7.1,1.1,13.6,0.0,13.0,46.0,587.5,12.75,1.5,51.5,607.0,11.8,2.0,SEC,South Carolina,6-4,250.0,4.67,31.5,120.0,True,25.0
Deontay Burnett,NYJ,21,WR,5,1,15.0,10,66.7%,143,0,7,53.3,9.5,2.0,28.6,0.0,13.5,71.0,868.0,12.05,8.0,73.5,882.5,11.85,8.0,Pac-12,USC,6-0,186.0,4.52,35.5,35.5,False,225.0
Richie James,SFO,23,WR,13,2,14.0,9,64.3%,130,1,4,50.0,9.3,0.7,10.0,2.0,10.333333333333334,81.33333333333333,1087.0,12.466666666666667,7.666666666666667,101.33333333333333,1267.6666666666667,11.533333333333333,9.333333333333334,CUSA,Middle Tennessee State,5-10,183.0,4.48,35.5,122.0,True,432.0
Trey Quinn,WAS,23,WR,3,2,10.0,9,90.0%,75,1,5,70.0,7.5,3.0,25.0,0.0,13.0,114.0,1236.0,10.8,13.0,115.0,1236.0,10.7,13.0,American,SMU,5-11,203.0,4.55,33.5,116.0,True,448.0
Tyler Conklin,MIN,23,TE,16,3,7.0,5,71.4%,77,0,3,71.4,11.0,0.3,4.8,0.0,10.5,38.5,532.0,13.850000000000001,5.5,38.5,532.0,13.850000000000001,5.5,MAC,Central Michigan,6-3,254.0,4.8,38.0,120.0,True,285.0
Auden Tate,CIN,21,WR,7,0,12.0,4,33.3%,35,0,2,16.7,2.9,0.6,5.0,0.0,12.0,32.5,478.5,15.049999999999999,8.0,32.5,478.5,15.049999999999999,8.0,ACC,Florida State,6-5,228.0,4.68,31.0,112.0,True,445.0
Javon Wims,CHI,24,WR,4,0,5.0,4,80.0%,32,0,2,40.0,6.4,1.0,8.0,0.0,15.0,45.0,720.0,16.0,7.0,45.0,720.0,16.0,7.0,SEC,Georgia,6-3,215.0,4.53,33.5,113.0,True,416.0
Allen Lazard,GNB,23,WR,1,0,1.0,1,100.0%,7,0,0,100.0,7.0,1.0,7.0,0.0,12.25,49.25,655.25,13.3,4.75,49.25,655.25,13.3,4.75,Big 12,Iowa State,6-5,227.0,4.55,38.0,122.0,False,225.0
Cam Phillips,BUF,23,WR,2,0,1.0,1,100.0%,9,0,0,100.0,9.0,0.5,4.5,0.0,13.0,59.0,756.75,12.725,4.25,68.25,816.5,12.175,4.25,ACC,Virginia Tech,6-0,201.0,4.52,35.5,35.5,False,225.0
Chris Lacy,DET,22,WR,1,0,1.0,0,0.0%,0,0,0,0.0,0.0,0.0,0.0,0.0,12.0,31.0,489.0,15.8,3.0,31.0,489.0,15.8,3.0,Big 12,Oklahoma State,6-3,205.0,4.51,33.5,120.0,False,225.0
Diontae Johnson,PIT,23,WR,16,12,92.0,59,64.1%,680,5,31,48.9,7.4,3.7,42.5,5.0,13.5,61.5,1019.5,16.4,10.5,63.5,1032.5,16.1,10.5,MAC,Toledo,5-10,183.0,4.53,33.5,123.0,True,130.0
Terry McLaurin,WAS,24,WR,14,14,93.0,58,62.4%,919,7,43,57.0,9.9,4.1,65.6,0.0,14.0,32.0,568.5,17.5,8.5,32.0,568.5,17.5,8.5,Big Ten,Ohio State,6-0,208.0,4.35,37.5,125.0,True,140.0
D.K. Metcalf,SEA,22,WR,16,15,100.0,58,58.0%,900,7,39,52.0,9.0,3.6,56.3,3.0,9.5,32.5,607.5,19.25,6.0,32.5,607.5,19.25,6.0,SEC,Mississippi,6-3,228.0,4.33,40.5,134.0,True,96.0
Deebo Samuel,SFO,23,WR,15,11,81.0,57,70.4%,802,3,32,53.1,9.9,3.8,53.5,2.0,11.0,60.5,832.5,13.75,6.0,72.0,894.5,12.45,9.0,SEC,South Carolina,5-11,214.0,4.48,39.0,122.0,True,68.0
A.J. Brown,TEN,22,WR,16,11,84.0,52,61.9%,1051,8,39,53.6,12.5,3.3,65.7,1.0,12.0,63.0,994.6666666666666,15.466666666666667,6.333333333333333,63.0,994.6666666666666,15.466666666666667,6.333333333333333,SEC,Mississippi,6-0,226.0,4.49,36.5,120.0,True,83.0
Hunter Renfrow,OAK,24,WR,13,4,71.0,49,69.0%,605,4,30,54.9,8.5,3.8,46.5,1.0,13.75,46.5,533.25,11.825,3.75,46.5,533.25,11.825,3.75,ACC,Clemson,5-10,184.0,4.59,35.0,116.0,True,277.0
Darius Slayton,NYG,22,WR,14,9,84.0,48,57.1%,740,8,32,48.8,8.8,3.4,52.9,0.0,12.5,32.0,656.5,20.65,5.0,32.0,656.5,20.65,5.0,SEC,Auburn,6-1,190.0,4.39,40.5,135.0,True,299.0
Marquise Brown,BAL,22,WR,14,11,71.0,46,64.8%,584,7,24,47.9,8.2,3.3,41.7,0.0,13.5,66.0,1206.5,18.4,8.5,67.5,1206.5,18.0,8.5,Big 12,Oklahoma,5-9,166.0,4.52,35.5,35.5,True,25.0
Noah Fant,DEN,22,TE,16,11,66.0,40,60.6%,562,3,23,42.4,8.5,2.5,35.1,1.0,12.5,34.5,506.5,14.9,9.0,36.5,506.5,14.05,9.0,Big Ten,Iowa,6-4,249.0,4.5,39.5,127.0,True,20.0
T.J. Hockenson,DET,22,TE,12,7,59.0,32,54.2%,367,2,19,45.8,6.2,2.7,30.6,0.0,13.0,49.0,760.0,15.5,6.0,50.0,764.0,15.3,7.0,Big Ten,Iowa,6-5,251.0,4.7,37.5,123.0,True,8.0
Kaden Smith,NYG,22,TE,9,6,42.0,31,73.8%,268,3,12,47.6,6.4,3.4,29.8,2.0,10.0,47.0,635.0,13.5,2.0,47.0,635.0,13.5,2.0,Pac-12,Stanford,6-5,255.0,4.92,32.0,108.0,True,336.0
Kelvin Harmon,WAS,23,WR,16,8,44.0,30,68.2%,365,0,16,56.8,8.3,1.9,22.8,0.0,12.666666666666666,59.0,888.3333333333334,15.466666666666667,5.333333333333333,59.0,888.3333333333334,15.466666666666667,5.333333333333333,ACC,North Carolina State,6-2,221.0,4.6,32.5,117.0,True,366.0
Dawson Knox,BUF,23,TE,15,11,50.0,28,56.0%,388,2,15,42.0,7.8,1.9,25.9,0.0,10.0,24.0,321.0,13.4,0.0,24.0,321.0,13.4,0.0,SEC,Mississippi,6-4,254.0,4.52,34.5,35.5,True,160.0
Mecole Hardman,KAN,21,WR,16,5,41.0,26,63.4%,538,6,18,58.5,13.1,1.6,33.6,2.0,14.0,34.0,532.0,15.6,7.0,39.0,568.0,14.6,7.0,SEC,Georgia,5-10,187.0,4.33,36.5,119.0,True,88.0
Jakobi Meyers,NWE,23,WR,15,1,41.0,26,63.4%,359,0,17,53.7,8.8,1.7,23.9,0.0,12.0,77.5,887.0,11.45,4.5,81.5,880.0,10.75,4.5,ACC,North Carolina State,6-2,203.0,4.63,37.0,118.0,False,225.0
Parris Campbell,IND,22,WR,7,3,24.0,18,75.0%,127,1,6,29.2,5.3,2.6,18.1,3.0,13.5,65.0,823.5,13.2,7.5,74.5,901.5,12.65,8.0,Big Ten,Ohio State,6-0,205.0,4.31,40.0,135.0,True,91.0
Miles Boykin,BAL,23,WR,16,11,22.0,13,59.1%,198,3,10,59.1,9.0,0.8,12.4,0.0,13.0,59.0,872.0,14.8,8.0,59.0,872.0,14.8,8.0,Ind,Notre Dame,6-4,220.0,4.42,43.5,140.0,True,157.0
N'Keal Harry,NWE,22,WR,7,5,24.0,12,50.0%,105,2,7,41.7,4.4,1.7,15.0,0.0,12.333333333333334,71.0,963.0,13.4,7.333333333333333,78.66666666666667,1011.0,12.766666666666666,8.333333333333334,Pac-12,Arizona State,6-2,228.0,4.53,38.5,122.0,True,32.0
Andy Isabella,ARI,23,WR,15,1,13.0,9,69.2%,189,1,4,53.8,14.5,0.6,12.6,0.0,12.0,76.33333333333333,1173.0,15.066666666666668,10.0,88.66666666666667,1277.6666666666667,14.166666666666666,10.666666666666666,Ind,Massachusetts,5-9,188.0,4.31,36.5,121.0,True,94.0
Tommy Sweeney,BUF,24,TE,6,1,13.0,8,61.5%,114,0,4,46.2,8.8,1.3,19.0,0.0,12.666666666666666,31.333333333333332,404.3333333333333,12.9,3.3333333333333335,31.333333333333332,404.3333333333333,12.9,3.3333333333333335,ACC,Boston Col.,6-4,251.0,4.83,35.5,35.5,True,420.0
Riley Ridley,CHI,23,WR,5,0,7.0,6,85.7%,69,0,4,71.4,9.9,1.2,13.8,0.0,14.0,44.0,570.0,13.0,9.0,44.0,570.0,13.0,9.0,SEC,Georgia,6-1,199.0,4.58,30.5,124.0,True,222.0
Josh Oliver,JAX,22,TE,4,1,6.0,3,50.0%,15,0,0,50.0,2.5,0.8,3.8,0.0,11.5,45.5,502.5,10.6,2.5,45.5,502.5,10.6,2.5,MWC,San Jose State,6-5,249.0,4.63,34.0,117.0,True,133.0
Isaac Nauta,DET,22,TE,6,0,3.0,2,66.7%,13,0,1,66.7,4.3,0.3,2.2,0.0,13.5,29.5,395.5,13.350000000000001,3.0,29.5,411.0,13.9,3.5,SEC,Georgia,6-3,244.0,4.91,28.0,35.5,True,416.0
Zach Gentry,PIT,23,TE,4,0,1.0,1,100.0%,4,0,1,100.0,4.0,0.3,1.0,0.0,13.0,32.0,514.0,16.1,2.0,32.0,514.0,16.1,2.0,Big Ten,Michigan,6-8,265.0,4.9,29.5,110.0,True,269.0
Travis Fulgham,DET,24,WR,3,0,3.0,0,0.0%,0,0,0,0.0,0.0,0.0,0.0,0.0,12.333333333333334,40.666666666666664,651.6666666666666,15.6,6.0,40.666666666666664,651.6666666666666,15.6,6.0,CUSA,Old Dominion,6-2,215.0,4.58,36.5,126.0,True,344.0
Lil'Jordan Humphrey,NOR,21,WR,5,1,1.0,0,0.0%,0,0,0,0.0,0.0,0.0,0.0,0.0,13.0,61.5,803.5,12.649999999999999,5.0,67.5,836.5,12.05,6.0,Big 12,Texas,6-4,210.0,4.75,33.5,119.0,False,225.0
Jace Sternberger,GNB,23,TE,6,1,1.0,0,0.0%,0,0,0,0.0,0.0,0.0,0.0,0.0,13.0,48.0,832.0,17.3,10.0,49.0,836.0,17.1,10.0,SEC,Texas A&M,6-4,251.0,4.75,31.5,113.0,True,139.0
Justin Jefferson,MIN,21,WR,16,14,125.0,88,70.4%,1400,7,58,61.6,11.2,5.5,87.5,1.0,14.0,82.5,1207.5,15.05,12.0,85.0,1220.5,14.600000000000001,12.0,SEC,LSU,6-1,202.0,4.43,37.5,126.0,True,22.0
CeeDee Lamb,DAL,21,WR,16,14,111.0,74,66.7%,935,5,46,51.4,8.4,4.6,58.4,2.0,13.666666666666666,57.666666666666664,1097.3333333333333,18.900000000000002,10.666666666666666,60.666666666666664,1104.0,18.099999999999998,11.0,Big 12,Oklahoma,6-2,198.0,4.5,34.5,124.0,True,17.0
Tee Higgins,CIN,21,WR,16,14,108.0,67,62.0%,908,6,52,55.6,8.4,4.2,56.8,1.0,15.0,59.0,1051.5,17.85,12.5,59.5,1069.5,18.0,13.0,ACC,Clemson,6-4,216.0,4.52,35.5,35.5,True,65.0
Chase Claypool,PIT,22,WR,16,6,109.0,62,56.9%,873,9,41,48.6,8.0,3.9,54.6,3.0,12.666666666666666,48.333333333333336,692.6666666666666,14.133333333333333,6.333333333333333,49.0,691.6666666666666,13.799999999999999,6.333333333333333,Ind,Notre Dame,6-4,238.0,4.42,40.5,126.0,True,81.0
Darnell Mooney,CHI,23,WR,16,9,98.0,61,62.2%,631,4,33,50.0,6.4,3.8,39.4,1.0,12.5,38.5,643.0,16.075,4.75,39.75,650.0,15.8,4.75,American,Tulane,5-10,176.0,4.38,37.0,124.0,True,301.0
Brandon Aiyuk,SFO,22,WR,12,11,96.0,60,62.5%,748,5,42,57.3,7.8,5.0,62.3,0.0,12.5,49.0,833.0,16.35,5.5,49.5,836.0,16.3,5.5,Pac-12,Arizona State,6-0,205.0,4.5,40.0,128.0,True,25.0
Laviska Shenault Jr.,JAX,22,WR,14,12,79.0,58,73.4%,600,5,33,53.2,7.6,4.1,42.9,0.0,10.0,71.0,887.5,12.7,5.0,91.0,1025.5,11.3,8.5,Pac-12,Colorado,6-1,227.0,4.58,35.5,35.5,True,74.0
Jerry Jeudy,DEN,21,WR,16,14,113.0,52,46.0%,856,3,39,36.3,7.6,3.3,53.5,2.0,14.0,72.5,1239.0,17.2,12.0,73.0,1239.5,17.1,12.0,SEC,Alabama,6-1,193.0,4.45,35.0,120.0,True,15.0
Gabriel Davis,BUF,21,WR,16,11,62.0,35,56.5%,599,7,27,53.2,9.7,2.2,37.4,1.0,12.333333333333334,50.666666666666664,815.6666666666666,15.700000000000001,7.666666666666667,50.666666666666664,815.6666666666666,15.700000000000001,7.666666666666667,American,UCF,6-2,216.0,4.54,35.0,124.0,True,224.0
Jalen Reagor,PHI,21,WR,11,11,54.0,31,57.4%,396,1,19,46.3,7.3,2.8,36.0,2.0,13.0,49.333333333333336,749.3333333333334,15.466666666666667,7.333333333333333,61.0,857.3333333333334,14.133333333333333,8.0,Big 12,TCU,5-11,206.0,4.47,42.0,138.0,True,21.0
KJ Hamler,DEN,21,WR,13,4,56.0,30,53.6%,381,3,17,37.5,6.8,2.3,29.3,2.0,13.0,49.0,829.0,17.05,6.5,57.5,872.5,15.5,7.0,Big Ten,Penn State,5-9,178.0,4.52,35.5,35.5,True,78.0
Cole Kmet,CHI,21,TE,16,9,44.0,28,63.6%,243,2,12,54.5,5.5,1.8,15.2,1.0,11.0,43.0,515.0,12.0,6.0,43.0,515.0,12.0,6.0,Ind,Notre Dame,6-6,262.0,4.7,37.0,123.0,True,75.0
Henry Ruggs III,LVR,21,WR,13,12,43.0,26,60.5%,452,2,13,53.5,10.5,2.0,34.8,2.0,13.5,43.0,743.5,17.4,9.0,44.0,781.0,17.8,9.5,SEC,Alabama,5-11,188.0,4.27,42.0,131.0,True,12.0
Harrison Bryant,CLE,22,TE,15,9,38.0,24,63.2%,238,3,14,57.9,6.3,1.6,15.9,2.0,12.0,47.333333333333336,691.3333333333334,14.299999999999999,5.333333333333333,47.666666666666664,692.0,14.200000000000001,5.333333333333333,CUSA,Florida Atlantic,6-5,243.0,4.73,32.5,110.0,True,211.0
Denzel Mims,NYJ,23,WR,9,8,44.0,23,52.3%,357,0,15,40.9,8.1,2.6,39.7,0.0,12.666666666666666,60.666666666666664,967.0,15.9,9.333333333333334,61.0,965.0,15.766666666666666,9.333333333333334,Big 12,Baylor,6-3,207.0,4.38,38.5,131.0,True,91.0
Marquez Callaway,NOR,22,WR,11,3,27.0,21,77.8%,213,0,10,70.4,7.9,1.9,19.4,0.0,12.0,30.333333333333332,544.3333333333334,18.03333333333333,4.333333333333333,30.666666666666668,545.6666666666666,17.866666666666664,4.333333333333333,SEC,Tennessee,6-1,205.0,4.55,38.0,126.0,False,225.0
Quintez Cephus,DET,22,WR,13,2,35.0,20,57.1%,349,2,16,54.3,10.0,1.5,26.8,0.0,12.0,44.5,701.0,16.0,6.5,46.5,703.5,15.100000000000001,6.5,Big Ten,Wisconsin,6-1,202.0,4.73,38.5,124.0,True,294.0
Devin Duvernay,BAL,23,WR,16,3,26.0,20,76.9%,201,0,8,46.2,7.7,1.3,12.6,0.0,13.5,73.5,966.0,13.2,6.5,79.0,983.0,12.7,7.0,Big 12,Texas,5-10,200.0,4.39,35.5,123.0,True,156.0
Van Jefferson,LAR,24,WR,16,0,31.0,19,61.3%,220,1,11,54.8,7.1,1.2,13.8,1.0,12.0,43.75,539.75,12.45,4.0,45.25,551.5,12.350000000000001,4.0,SEC,Florida,6-1,200.0,4.52,35.5,35.5,True,89.0
Collin Johnson,JAX,23,WR,14,0,31.0,18,58.1%,272,2,12,51.6,8.8,1.3,19.4,0.0,11.0,47.0,656.0,13.675,3.75,47.0,654.25,13.625,3.75,Big 12,Texas,6-6,222.0,4.52,35.5,35.5,True,293.0
Donovan Peoples-Jones,CLE,21,WR,12,2,20.0,14,70.0%,304,2,10,60.0,15.2,1.2,25.3,0.0,12.0,40.5,525.0,12.95,7.0,43.0,540.0,12.5,7.0,Big Ten,Michigan,6-2,212.0,4.48,44.5,139.0,True,347.0
Freddie Swain,SEA,22,WR,16,1,21.0,13,61.9%,159,2,6,42.9,7.6,0.8,9.9,0.0,12.0,38.0,517.0,13.6,7.0,42.0,544.0,13.0,7.0,SEC,Florida,6-0,197.0,4.46,36.5,124.0,True,374.0
Tyler Johnson,TAM,22,WR,14,3,17.0,12,70.6%,169,2,9,52.9,9.9,0.9,12.1,0.0,11.333333333333334,61.666666666666664,984.3333333333334,16.566666666666666,9.666666666666666,61.666666666666664,984.3333333333334,16.566666666666666,9.666666666666666,Big Ten,Minnesota,6-1,206.0,4.52,35.5,35.5,True,289.0
Bryan Edwards,LVR,22,WR,12,3,15.0,11,73.3%,193,1,9,66.7,12.9,0.9,16.1,0.0,12.0,58.5,761.25,13.175,5.5,60.0,771.5,13.05,5.5,SEC,South Carolina,6-3,212.0,4.52,35.5,35.5,True,145.0
Albert Okwuegbunam,DEN,22,TE,4,0,15.0,11,73.3%,121,1,6,60.0,8.1,2.8,30.3,0.0,11.0,32.666666666666664,395.6666666666667,12.300000000000002,7.666666666666667,32.666666666666664,395.6666666666667,12.300000000000002,7.666666666666667,SEC,Missouri,6-5,258.0,4.49,35.5,35.5,True,214.0
John Hightower,PHI,24,WR,13,4,29.0,10,34.5%,167,0,5,27.6,5.8,0.8,12.8,0.0,12.0,41.0,723.5,17.4,7.0,53.0,882.0,16.75,8.0,MWC,Boise State,6-1,189.0,4.43,38.5,122.0,True,296.0
Austin Mack,NYG,23,WR,11,1,11.0,7,63.6%,91,0,5,54.5,8.3,0.6,8.3,0.0,11.0,27.0,361.0,13.4,3.0,27.0,361.0,13.4,3.0,Big Ten,Ohio State,6-1,208.0,4.59,31.5,117.0,False,225.0
Quez Watkins,PHI,22,WR,6,0,13.0,7,53.8%,106,1,4,30.8,8.2,1.2,17.7,0.0,11.5,68.0,1033.5,15.35,7.5,70.5,1039.5,14.950000000000001,7.5,CUSA,Southern Miss,6-0,185.0,4.35,36.5,125.0,True,360.0
Tyrie Cleveland,DEN,23,WR,10,0,9.0,6,66.7%,63,0,4,55.6,7.0,0.6,6.3,0.0,11.5,23.5,380.5,16.3,1.5,24.5,383.5,15.65,1.5,SEC,Florida,6-2,209.0,4.46,39.5,126.0,True,444.0
Juwan Johnson,NOR,24,WR,7,4,10.0,4,40.0%,39,0,3,30.0,3.9,0.6,5.6,0.0,11.0,36.333333333333336,506.6666666666667,14.233333333333334,2.0,36.333333333333336,506.6666666666667,14.233333333333334,2.0,Pac-12,Oregon,6-4,230.0,4.58,33.0,124.0,False,225.0
Dalton Keene,NWE,21,TE,6,0,5.0,3,60.0%,16,0,0,40.0,3.2,0.5,2.7,1.0,12.0,28.0,341.0,12.2,3.0,28.0,341.0,12.2,3.0,ACC,Virginia Tech,6-4,253.0,4.71,34.0,125.0,True,165.0
Devin Asiasi,NWE,23,TE,9,3,7.0,2,28.6%,39,1,2,28.6,5.6,0.2,4.3,0.0,12.0,44.0,641.0,14.6,4.0,44.0,641.0,14.6,4.0,Pac-12,UCLA,6-3,257.0,4.73,30.5,115.0,True,155.0
Lawrence Cager,NYJ,23,WR,2,1,6.0,2,33.3%,35,0,2,33.3,5.8,1.0,17.5,0.0,9.0,33.0,476.0,14.4,4.0,33.0,476.0,14.4,4.0,SEC,Georgia,6-5,220.0,4.52,35.5,35.5,False,225.0
Colby Parkinson,SEA,21,TE,6,0,2.0,2,100.0%,16,0,2,100.0,8.0,0.3,2.7,0.0,12.5,38.5,537.0,14.5,4.0,38.5,537.0,14.5,4.0,Pac-12,Stanford,6-7,252.0,4.77,32.5,109.0,True,229.0
Hunter Bryant,DET,22,TE,5,0,3.0,1,33.3%,44,0,1,33.3,14.7,0.2,8.8,0.0,12.0,52.0,825.0,15.9,3.0,54.0,821.0,15.2,3.0,Pac-12,Washington,6-2,248.0,4.74,32.5,115.0,False,225.0
Josiah Deguara,GNB,23,TE,2,1,2.0,1,50.0%,12,0,1,50.0,6.0,0.5,6.0,0.0,13.5,38.5,486.0,12.600000000000001,6.0,38.5,487.0,12.65,6.5,American,Cincinnati,6-2,242.0,4.72,35.5,115.0,True,158.0
Antonio Gandy-Golden,WAS,22,WR,6,2,7.0,1,14.3%,3,0,0,0.0,0.4,0.2,0.5,0.0,12.0,75.0,1216.5,16.15,10.0,75.0,1216.5,16.15,10.0,Ind,Liberty,6-4,223.0,4.6,36.0,127.0,True,238.0
James Proche,BAL,24,WR,14,0,3.0,1,33.3%,14,0,1,33.3,4.7,0.1,1.0,0.0,12.5,75.25,987.25,14.174999999999999,9.75,77.75,999.75,13.975,9.75,American,SMU,5-11,201.0,4.52,34.5,35.5,True,361.0
Joe Reed,LAC,22,WR,11,0,1.0,0,0.0%,0,0,0,0.0,0.0,0.0,0.0,0.0,13.0,51.0,572.0,13.700000000000001,7.0,56.5,600.5,12.8,7.0,ACC,Virginia,6-0,224.0,4.47,38.0,123.0,True,279.0
Amon-Ra St. Brown,DET,22,WR,17,9,119.0,90,75.6%,912,5,48,59.7,7.7,5.3,53.6,0.0,10.333333333333334,59.333333333333336,756.6666666666666,12.566666666666668,5.333333333333333,62.333333333333336,779.6666666666666,12.333333333333334,5.666666666666667,Pac-12,USC,5-11,197.0,4.51,38.5,127.0,True,208.0
Ja'Marr Chase,CIN,21,WR,17,17,128.0,81,63.3%,1455,13,56,52.3,11.4,4.8,85.6,2.0,14.0,84.0,1780.0,21.2,20.0,85.0,1785.0,21.0,20.0,SEC,LSU,6-0,201.0,4.34,41.0,132.0,True,5.0
Kyle Pitts,ATL,21,TE,17,15,110.0,68,61.8%,1026,1,43,50.9,9.3,4.0,60.4,0.0,10.5,48.5,709.5,14.95,8.5,48.5,709.5,14.95,8.5,SEC,Florida,6-5,245.0,4.44,33.5,129.0,True,4.0
Pat Freiermuth,PIT,23,TE,16,9,79.0,60,75.9%,497,7,34,55.7,6.3,3.8,31.1,1.0,10.0,30.666666666666668,395.0,13.166666666666666,5.333333333333333,30.666666666666668,395.0,13.166666666666666,5.333333333333333,Big Ten,Penn St.,6-5,251.0,4.52,35.5,35.5,True,87.0
Rondale Moore,ARI,21,WR,14,7,64.0,54,84.4%,435,1,18,54.7,6.8,3.9,31.1,3.0,6.666666666666667,59.333333333333336,638.3333333333334,10.666666666666666,4.666666666666667,69.33333333333333,721.0,10.166666666666666,5.666666666666667,Big Ten,Purdue,5-7,180.0,4.28,42.5,35.5,True,81.0
Rashod Bateman,BAL,22,WR,12,4,68.0,46,67.6%,515,1,29,58.8,7.6,3.8,42.9,0.0,10.333333333333334,49.0,798.3333333333334,15.733333333333334,6.333333333333333,49.0,798.3333333333334,15.733333333333334,6.333333333333333,Big Ten,Minnesota,6-0,190.0,4.39,36.0,123.0,True,27.0
Kadarius Toney,NYG,22,WR,10,4,57.0,39,68.4%,420,0,21,52.6,7.4,3.9,42.0,0.0,11.5,47.5,622.0,12.25,5.5,67.5,822.5,11.9,6.0,SEC,Florida,5-11,193.0,4.39,39.5,136.0,True,20.0
Nico Collins,HOU,22,WR,14,8,60.0,33,55.0%,446,1,22,48.3,7.4,2.4,31.9,0.0,12.5,37.5,680.5,18.15,6.5,37.5,680.5,18.15,6.5,Big Ten,Michigan,6-4,215.0,4.43,37.5,125.0,True,153.0
Brevin Jordan,HOU,21,TE,9,2,28.0,20,71.4%,178,3,10,53.6,6.4,2.2,19.8,0.0,10.333333333333334,35.0,452.6666666666667,12.766666666666666,4.333333333333333,36.0,453.0,12.4,4.333333333333333,ACC,Miami (FL),6-2,247.0,4.64,31.0,116.0,True,275.0
Terrace Marshall Jr.,CAR,21,WR,13,3,30.0,17,56.7%,138,0,7,36.7,4.6,1.3,10.6,0.0,9.5,47.0,701.0,14.899999999999999,11.5,47.0,701.0,14.899999999999999,11.5,SEC,LSU,6-2,205.0,4.4,39.0,125.0,False,225.0
Dyami Brown,WAS,22,WR,15,6,25.0,12,48.0%,165,0,6,36.0,6.6,0.8,11.0,0.0,12.0,53.0,1066.5,20.15,10.0,53.5,1067.5,19.95,10.0,ACC,North Carolina,6-0,189.0,4.46,35.0,128.0,True,146.0
Ben Skowronek,LAR,24,WR,14,1,20.0,11,55.0%,133,0,7,40.0,6.7,0.8,9.5,0.0,12.666666666666666,39.666666666666664,548.3333333333334,13.966666666666667,4.333333333333333,40.333333333333336,554.0,13.833333333333334,4.666666666666667,ACC,Notre Dame,6-2,220.0,4.52,35.5,35.5,False,225.0
D'Wayne Eskridge,SEA,24,WR,10,0,20.0,10,50.0%,64,1,4,30.0,3.2,1.0,6.4,0.0,9.666666666666666,34.0,688.6666666666666,20.133333333333333,4.666666666666667,35.666666666666664,702.0,19.633333333333333,4.666666666666667,MAC,West. Michigan,5-8,190.0,4.38,35.0,124.0,True,88.0
Anthony Schwartz,CLE,21,WR,14,2,23.0,10,43.5%,135,1,6,34.8,5.9,0.7,9.6,0.0,11.5,47.5,538.0,11.25,2.0,55.0,594.0,10.8,3.0,SEC,Auburn,6-0,186.0,4.27,32.0,123.0,True,155.0
Noah Gray,KAN,22,TE,16,1,10.0,7,70.0%,36,1,2,40.0,3.6,0.4,2.3,0.0,11.0,40.0,338.5,8.75,2.5,41.0,340.0,8.5,2.5,ACC,Duke,6-3,240.0,4.55,35.0,115.0,True,290.0
Jaelon Darden,TAM,22,WR,9,0,12.0,6,50.0%,43,0,1,16.7,3.6,0.7,4.8,0.0,12.0,57.5,695.5,11.65,9.5,59.25,702.25,11.375,9.5,CUSA,North Texas,5-7,174.0,4.47,35.5,122.0,True,225.0
Tre' McKitty,LAC,22,TE,11,4,8.0,6,75.0%,45,0,3,62.5,5.6,0.5,4.1,0.0,12.0,26.0,256.0,9.8,2.0,26.0,256.0,9.8,2.0,ACC,Georgia,6-4,247.0,4.52,35.5,35.5,True,161.0
Dez Fitzpatrick,TEN,24,WR,4,0,8.0,5,62.5%,49,1,4,50.0,6.1,1.3,12.3,0.0,12.25,38.5,647.25,16.65,5.25,38.5,647.25,16.65,5.25,ACC,Louisville,6-1,208.0,4.43,35.0,35.5,True,205.0
Ihmir Smith-Marsette,MIN,22,WR,8,1,6.0,5,83.3%,116,2,4,83.3,19.3,0.6,14.5,0.0,10.0,34.5,533.5,15.1,4.0,43.5,614.5,13.8,6.0,Big Ten,Iowa,6-0,181.0,4.43,37.0,124.0,True,285.0
Amari Rodgers,GNB,22,WR,16,1,8.0,4,50.0%,45,0,2,50.0,5.6,0.3,2.8,2.0,13.666666666666666,54.0,673.6666666666666,12.633333333333333,5.0,55.0,692.0,12.833333333333334,5.333333333333333,ACC,Clemson,5-9,212.0,4.52,33.0,121.0,True,149.0
Jack Stoll,PHI,23,TE,16,5,5.0,4,80.0%,22,0,0,40.0,4.4,0.3,1.4,0.0,12.0,25.0,234.0,9.4,1.0,25.0,234.0,9.4,1.0,Big Ten,Nebraska,6-3,247.0,4.6,31.5,119.0,False,225.0
Dazz Newsome,CHI,22,WR,3,1,5.0,2,40.0%,23,0,1,20.0,4.6,0.7,7.7,0.0,11.666666666666666,56.666666666666664,736.0,12.766666666666666,6.0,60.666666666666664,778.0,12.700000000000001,6.666666666666667,ACC,North Carolina,5-10,190.0,4.59,34.0,121.0,True,381.0
Tylan Wallace,BAL,22,WR,17,1,6.0,2,33.3%,23,0,1,33.3,3.8,0.1,1.4,0.0,10.666666666666666,66.0,1105.3333333333333,16.633333333333333,8.666666666666666,67.0,1109.6666666666667,16.466666666666665,9.0,Big 12,Oklahoma St.,5-11,194.0,4.48,33.0,112.0,True,227.0
Kenny Yeboah,NYJ,23,TE,9,0,3.0,2,66.7%,36,0,2,66.7,12.0,0.2,4.0,0.0,8.0,27.0,524.0,19.4,6.0,27.0,524.0,19.4,6.0,SEC,Mississippi,6-3,250.0,4.52,34.0,116.0,False,225.0
Tarik Black,NYJ,23,WR,1,0,2.0,1,50.0%,10,0,1,50.0,5.0,1.0,10.0,0.0,12.0,25.0,323.0,12.9,1.0,25.0,323.0,12.9,1.0,Big Ten,Texas,6-2,213.0,4.54,40.0,132.0,False,225.0
Frank Darby,ATL,24,WR,10,0,4.0,1,25.0%,14,0,1,25.0,3.5,0.1,1.4,0.0,13.0,31.0,616.0,19.9,8.0,31.0,616.0,19.9,8.0,Pac-12,Arizona St.,6-0,201.0,4.56,34.5,117.0,True,347.0
Seth Williams,DEN,21,WR,2,1,1.0,1,100.0%,34,0,1,100.0,34.0,0.5,17.0,0.0,12.0,44.0,708.0,16.933333333333334,5.666666666666667,44.0,708.0,16.933333333333334,5.666666666666667,SEC,Auburn,6-3,211.0,4.49,37.0,124.0,True,379.0
Garrett Wilson,NYJ,22,WR,17,12,147.0,83,56.5%,1103,4,56,47.6,7.5,4.9,64.9,2.0,11.0,47.666666666666664,737.6666666666666,15.433333333333332,7.666666666666667,49.666666666666664,785.3333333333334,15.766666666666666,8.0,Big Ten,Ohio St.,6-0,183.0,4.38,36.0,123.0,True,10.0
Drake London,ATL,21,WR,17,15,117.0,72,61.5%,866,4,48,56.4,7.4,4.2,50.9,3.0,9.0,53.333333333333336,717.6666666666666,14.0,5.0,53.666666666666664,718.3333333333334,13.966666666666667,5.0,Pac-12,USC,6-4,219.0,4.52,35.5,35.5,True,8.0
Chris Olave,NOR,22,WR,15,9,119.0,72,60.5%,1042,4,48,53.8,8.8,4.8,69.5,2.0,11.0,54.666666666666664,838.0,15.433333333333332,10.666666666666666,55.666666666666664,839.6666666666666,15.133333333333333,10.666666666666666,Big Ten,Ohio St.,6-0,187.0,4.39,32.0,124.0,True,11.0
George Pickens,PIT,21,WR,17,12,84.0,52,61.9%,801,4,38,48.8,9.5,3.1,47.1,0.0,11.0,42.5,620.0,14.55,7.0,42.5,620.0,14.55,7.0,SEC,Georgia,6-3,195.0,4.47,33.0,125.0,True,84.0
Romeo Doubs,GNB,22,WR,13,7,67.0,42,62.7%,425,3,20,46.3,6.3,3.2,32.7,2.0,11.0,56.25,830.5,14.775,6.5,57.0,830.25,14.524999999999999,6.5,MWC,Nevada,6-2,201.0,4.52,35.5,35.5,True,228.0
Cade Otton,TAM,23,TE,16,11,65.0,42,64.6%,391,2,19,52.3,6.0,2.6,24.4,0.0,8.333333333333334,26.0,284.0,11.333333333333334,2.0,26.0,284.0,11.333333333333334,2.0,Pac-12,Washington,6-5,247.0,4.52,35.5,35.5,True,202.0
Alec Pierce,IND,22,WR,16,12,78.0,41,52.6%,593,2,28,46.2,7.6,2.6,37.1,1.0,14.0,44.5,768.0,17.3,4.5,44.5,768.0,17.3,4.5,American,Cincinnati,6-3,211.0,4.41,40.5,129.0,True,85.0
Isaiah Likely,BAL,22,TE,16,2,60.0,36,60.0%,373,3,18,35.0,6.2,2.3,23.3,0.0,12.0,40.333333333333336,648.0,16.333333333333332,7.333333333333333,41.333333333333336,651.3333333333334,16.133333333333333,7.333333333333333,Sun Belt,Coastal Carolina,6-5,245.0,4.52,36.0,35.5,True,235.0
Jahan Dotson,WAS,22,WR,12,10,61.0,35,57.4%,523,7,26,50.8,8.6,2.9,43.6,0.0,11.333333333333334,56.666666666666664,851.3333333333334,16.033333333333335,8.333333333333334,59.333333333333336,857.3333333333334,15.4,8.666666666666666,Big Ten,Penn St.,5-11,178.0,4.43,36.0,121.0,True,16.0
Treylon Burks,TEN,22,WR,11,6,54.0,33,61.1%,444,1,19,50.0,8.2,3.0,40.4,0.0,10.666666666666666,48.666666666666664,799.6666666666666,16.400000000000002,6.0,61.333333333333336,873.6666666666666,14.066666666666668,6.333333333333333,SEC,Arkansas,6-2,225.0,4.55,33.0,122.0,True,18.0
Greg Dulcich,DEN,22,TE,10,6,55.0,33,60.0%,411,2,18,50.9,7.5,3.3,41.1,0.0,9.5,34.0,621.0,18.6,5.0,34.0,621.0,18.6,5.0,Pac-12,UCLA,6-4,243.0,4.69,34.0,122.0,True,144.0
Chigoziem Okonkwo,TEN,23,TE,17,8,46.0,32,69.6%,450,3,22,50.0,9.8,1.9,26.5,0.0,13.0,52.0,447.0,8.6,5.0,52.0,447.0,8.6,5.0,Big Ten,Maryland,6-3,238.0,4.52,35.5,35.5,True,239.0
Daniel Bellinger,NYG,22,TE,12,11,35.0,30,85.7%,268,2,14,68.6,7.7,2.5,22.3,1.0,10.5,26.0,280.0,10.6,1.0,26.5,281.0,10.45,1.0,MWC,San Diego St.,6-5,253.0,4.63,34.5,125.0,True,208.0
Trey McBride,ARI,23,TE,16,13,39.0,29,74.4%,265,1,12,46.2,6.8,1.8,16.6,1.0,9.333333333333334,52.333333333333336,670.3333333333334,13.299999999999999,3.0,52.666666666666664,693.3333333333334,13.5,3.3333333333333335,MWC,Colorado St.,6-4,246.0,4.52,33.0,117.0,True,87.0
Jelani Woods,IND,24,TE,15,2,40.0,25,62.5%,312,3,16,45.0,7.8,1.7,20.8,1.0,11.0,44.0,598.0,13.6,8.0,45.0,599.0,13.3,8.0,ACC,Virginia,6-7,259.0,4.61,35.5,35.5,True,137.0
David Bell,CLE,22,WR,16,3,35.0,24,68.6%,214,0,7,40.0,6.1,1.5,13.4,0.0,9.666666666666666,77.33333333333333,982.0,12.533333333333333,7.0,79.33333333333333,999.0,12.466666666666669,7.333333333333333,Big Ten,Purdue,6-1,212.0,4.65,33.0,118.0,True,163.0
Wan'Dale Robinson,NYG,21,WR,6,3,31.0,23,74.2%,227,1,13,61.3,7.3,3.8,37.8,0.0,10.333333333333334,65.0,749.3333333333334,11.033333333333333,3.3333333333333335,112.0,979.6666666666666,8.799999999999999,4.666666666666667,SEC,Kentucky,5-8,178.0,4.44,34.5,118.0,True,75.0
Skyy Moore,KAN,22,WR,16,3,33.0,22,66.7%,250,0,13,63.6,7.6,1.4,15.6,3.0,10.0,57.0,827.3333333333334,14.933333333333332,5.0,58.0,831.3333333333334,14.666666666666666,5.333333333333333,MAC,Western Michigan,5-10,195.0,4.41,34.5,125.0,True,86.0
Tyquan Thornton,NWE,22,WR,13,9,45.0,22,48.9%,247,2,13,40.0,5.5,1.7,19.0,0.0,14.0,53.5,865.0,16.35,7.5,54.0,859.5,16.15,7.5,Big 12,Baylor,6-2,181.0,4.28,36.5,130.0,True,82.0
Jake Ferguson,DAL,23,TE,16,8,22.0,19,86.4%,174,2,8,63.6,7.9,1.2,10.9,0.0,11.75,36.25,404.5,11.25,3.25,36.25,404.5,11.25,3.25,Big Ten,Wisconsin,6-5,250.0,4.81,31.5,118.0,True,225.0
Connor Heyward,PIT,23,TE,17,0,17.0,12,70.6%,151,1,6,58.8,8.9,0.7,8.9,0.0,11.0,28.333333333333332,215.33333333333334,7.0,1.3333333333333333,89.66666666666667,460.6666666666667,5.933333333333334,3.0,Big Ten,Michigan St.,5-11,233.0,4.72,32.5,35.5,True,368.0
Peyton Hendershot,DAL,23,TE,17,2,16.0,11,68.8%,103,2,8,50.0,6.4,0.6,6.1,1.0,11.0,40.333333333333336,438.6666666666667,10.133333333333333,4.0,41.333333333333336,440.0,9.933333333333332,4.0,Big Ten,Indiana,6-4,250.0,4.8,32.5,117.0,False,225.0
James Mitchell,DET,23,TE,14,0,11.0,11,100.0%,113,1,7,100.0,10.3,0.8,8.1,0.0,10.0,26.0,435.0,16.7,4.0,27.0,436.0,16.1,5.0,ACC,Virginia Tech,6-4,249.0,4.52,35.5,35.5,True,305.0
Khalil Shakir,BUF,22,WR,14,2,20.0,10,50.0%,161,1,7,40.0,8.1,0.7,11.5,0.0,11.0,64.0,902.6666666666666,14.033333333333333,6.333333333333333,83.0,1017.3333333333334,12.233333333333334,7.333333333333333,MWC,Boise St.,6-0,196.0,4.43,34.5,124.0,True,276.0
Jalen Nailor,MIN,23,WR,15,0,13.0,9,69.2%,179,1,7,69.2,13.8,0.6,11.9,0.0,8.0,31.5,604.5,19.3,5.0,33.0,608.5,18.5,5.0,Big Ten,Michigan St.,5-11,186.0,4.5,38.0,128.0,True,351.0
Kyle Philips,TEN,23,WR,4,0,13.0,8,61.5%,78,0,3,38.5,6.0,2.0,19.5,2.0,10.0,52.333333333333336,596.6666666666666,11.200000000000001,5.666666666666667,54.0,612.3333333333334,11.200000000000001,5.666666666666667,Pac-12,UCLA,5-11,189.0,4.58,33.5,124.0,True,291.0
Teagan Quitoriano,HOU,22,TE,9,6,14.0,7,50.0%,113,2,5,42.9,8.1,0.8,12.6,0.0,7.0,14.0,185.0,13.2,1.0,14.0,185.0,13.2,1.0,Pac-12,Oregon St.,6-6,258.0,4.52,35.5,35.5,True,298.0
Grant Calcaterra,PHI,24,TE,15,2,9.0,5,55.6%,81,0,3,44.4,9.0,0.3,5.4,0.0,12.0,38.0,465.0,12.2,4.0,38.0,465.0,12.2,4.0,American,SMU,6-4,241.0,4.62,35.5,35.5,True,358.0
Charlie Kolar,BAL,23,TE,2,0,6.0,4,66.7%,49,0,3,66.7,8.2,2.0,24.5,0.0,12.0,52.333333333333336,681.3333333333334,13.1,6.666666666666667,52.333333333333336,681.3333333333334,13.1,6.666666666666667,Big 12,Iowa St.,6-7,252.0,4.52,35.5,35.5,True,224.0
Jalen Tolbert,DAL,23,WR,8,1,3.0,2,66.7%,12,0,0,33.3,4.0,0.3,1.5,0.0,11.666666666666666,57.666666666666664,1026.6666666666667,18.099999999999998,7.333333333333333,57.666666666666664,1026.6666666666667,18.099999999999998,7.333333333333333,Sun Belt,South Alabama,6-1,194.0,4.49,36.0,123.0,True,152.0
Cole Turner,WAS,22,TE,10,2,9.0,2,22.2%,23,0,1,11.1,2.6,0.2,2.3,0.0,10.0,55.5,641.0,11.600000000000001,9.5,55.5,641.0,11.600000000000001,9.5,MWC,Nevada,6-6,246.0,4.76,27.0,120.0,True,277.0
Erik Ezukanma,MIA,22,WR,1,0,1.0,1,100.0%,3,0,0,0.0,3.0,1.0,3.0,0.0,11.0,45.333333333333336,705.6666666666666,15.6,4.666666666666667,48.666666666666664,751.6666666666666,15.533333333333333,5.333333333333333,Big 12,Texas Tech,6-2,209.0,4.52,36.5,126.0,True,221.0
Danny Gray,SFO,23,WR,13,0,7.0,1,14.3%,10,0,1,14.3,1.4,0.1,0.8,0.0,9.0,41.0,625.5,15.0,6.5,44.0,660.5,14.75,7.5,American,SMU,6-0,186.0,4.33,34.0,126.0,True,169.0
Jeremy Ruckert,NYJ,22,TE,9,0,2.0,1,50.0%,8,0,0,50.0,4.0,0.1,0.9,0.0,12.0,26.0,309.0,11.9,3.0,26.0,309.0,11.9,3.0,Big Ten,Ohio St.,6-5,250.0,4.52,35.5,35.5,True,165.0
Jameson Williams,DET,21,WR,6,0,9.0,1,11.1%,41,1,1,11.1,4.6,0.2,6.8,0.0,15.0,79.0,1572.0,19.9,15.0,82.0,1595.0,19.5,15.0,SEC,Alabama,6-2,179.0,4.52,35.5,35.5,True,12.0
Puka Nacua,LAR,22,WR,17,17,160.0,105,65.6%,1486,6,68,56.9,9.3,6.2,87.4,1.0,8.0,33.333333333333336,527.0,16.166666666666668,4.0,46.333333333333336,646.0,14.966666666666667,5.666666666666667,Ind,BYU,6-2,201.0,4.52,35.5,35.5,True,305.0
Rashee Rice,KAN,23,WR,16,8,102.0,79,77.5%,938,7,44,61.8,9.2,4.9,58.6,2.0,11.0,58.25,777.75,13.725,6.25,58.5,777.75,13.575,6.25,American,SMU,6-1,204.0,4.51,41.0,128.0,True,87.0
Zay Flowers,BAL,23,WR,16,16,108.0,77,71.3%,858,5,41,55.6,7.9,4.8,53.6,0.0,11.666666666666666,59.333333333333336,905.0,15.566666666666668,8.666666666666666,69.33333333333333,955.0,14.1,9.0,ACC,Boston Col.,5-9,182.0,4.42,35.5,127.0,True,22.0
Dalton Kincaid,BUF,24,TE,16,11,91.0,73,80.2%,673,2,29,61.5,7.4,4.6,42.1,1.0,13.0,53.0,700.0,13.45,8.0,53.5,702.0,13.3,8.0,Pac-12,Utah,6-4,246.0,4.52,35.5,35.5,True,25.0
Jordan Addison,MIN,21,WR,17,14,108.0,70,64.8%,911,10,38,50.0,8.4,4.1,53.6,0.0,11.666666666666666,73.0,1044.6666666666667,13.933333333333332,9.666666666666666,79.66666666666667,1093.6666666666667,13.433333333333332,10.0,Pac-12,USC,5-11,173.0,4.49,34.0,122.0,True,23.0
Josh Downs,IND,22,WR,17,9,98.0,68,69.4%,771,2,30,50.0,7.9,4.0,45.4,0.0,12.0,97.5,1182.0,12.05,9.5,97.5,1182.0,12.05,9.5,ACC,North Carolina,5-9,171.0,4.48,38.5,131.0,True,143.0
Jayden Reed,GNB,23,WR,16,13,94.0,64,68.1%,793,8,32,51.1,8.4,4.0,49.6,2.0,11.0,50.75,716.5,13.875,6.5,55.25,729.75,12.950000000000001,6.75,Big Ten,Michigan St.,5-11,187.0,4.45,33.5,121.0,True,82.0
Jaxon Smith-Njigba,SEA,21,WR,17,3,93.0,63,67.7%,628,4,29,47.3,6.8,3.7,36.9,0.0,13.0,95.0,1606.0,16.9,9.0,95.0,1606.0,16.9,9.0,Big Ten,Ohio St.,6-1,196.0,4.52,35.0,125.0,True,20.0
Demario Douglas,NWE,23,WR,14,7,79.0,49,62.0%,561,0,26,45.6,7.1,3.5,40.1,3.0,12.0,54.333333333333336,685.6666666666666,12.466666666666667,5.0,56.666666666666664,722.0,12.5,5.333333333333333,Ind,Liberty,5-8,179.0,4.44,39.5,134.0,False,225.0
Jonathan Mingo,CAR,22,WR,15,14,85.0,43,50.6%,418,0,15,32.9,4.9,2.9,27.9,1.0,11.5,39.0,620.0,15.45,4.0,41.0,616.5,14.75,4.5,SEC,Mississippi,6-2,220.0,4.46,39.5,129.0,True,71.0
Trey Palmer,TAM,22,WR,17,8,68.0,39,57.4%,385,3,17,41.2,5.7,2.3,22.6,3.0,11.5,50.5,693.5,13.1,6.0,54.0,731.0,12.75,6.0,Big Ten,Nebraska,6-0,192.0,4.33,35.5,35.5,True,351.0
Dontayvion Wicks,GNB,22,WR,15,6,58.0,39,67.2%,581,4,29,62.1,10.0,2.6,38.7,3.0,10.0,43.5,816.5,17.700000000000003,5.5,43.5,816.5,17.700000000000003,5.5,ACC,Virginia,6-1,206.0,4.62,39.0,130.0,True,287.0
Quentin Johnston,LAC,22,WR,17,10,67.0,38,56.7%,431,2,20,47.8,6.4,2.2,25.4,0.0,10.666666666666666,38.333333333333336,730.0,19.7,4.666666666666667,41.0,732.6666666666666,18.333333333333332,5.333333333333333,Big 12,TCU,6-3,208.0,4.52,40.5,134.0,True,21.0
Michael Wilson,ARI,23,WR,13,12,58.0,38,65.5%,565,3,29,56.9,9.7,2.9,43.5,0.0,7.333333333333333,33.666666666666664,450.3333333333333,13.933333333333332,3.3333333333333335,35.0,466.0,13.733333333333334,3.3333333333333335,Pac-12,Stanford,6-2,213.0,4.58,37.5,125.0,True,158.0
Michael Mayer,LVR,22,TE,14,12,40.0,27,67.5%,304,2,19,60.0,7.6,1.9,21.7,0.0,12.0,60.0,699.6666666666666,11.533333333333333,6.0,60.0,699.6666666666666,11.533333333333333,6.0,Ind,Notre Dame,6-5,249.0,4.52,32.5,118.0,True,67.0
Jalin Hyatt,NYG,22,WR,17,7,40.0,23,57.5%,373,0,11,47.5,9.3,1.4,21.9,1.0,11.0,43.5,771.5,16.35,8.5,44.5,773.0,15.950000000000001,8.5,SEC,Tennessee,6-0,176.0,4.4,40.0,135.0,True,137.0
Marvin Mims,DEN,21,WR,16,7,33.0,22,66.7%,377,1,9,48.5,11.4,1.4,23.6,2.0,12.333333333333334,41.0,799.3333333333334,19.533333333333335,6.666666666666667,42.666666666666664,811.0,19.099999999999998,6.666666666666667,Big 12,Oklahoma,5-11,183.0,4.38,39.5,129.0,True,95.0
Cedric Tillman,CLE,23,WR,14,3,44.0,21,47.7%,224,0,12,40.9,5.1,1.5,16.0,0.0,9.5,50.5,749.0,14.1,7.5,50.5,749.0,14.1,7.5,SEC,Tennessee,6-3,213.0,4.54,37.0,128.0,True,138.0
Jake Bobo,SEA,25,WR,17,0,25.0,19,76.0%,196,2,9,60.0,7.8,1.1,11.5,0.0,12.0,54.333333333333336,656.3333333333334,12.066666666666668,3.0,54.333333333333336,656.3333333333334,12.066666666666668,3.0,Pac-12,UCLA,6-4,206.0,4.52,35.5,35.5,False,225.0
Tre Tucker,LVR,22,WR,16,1,34.0,19,55.9%,331,2,12,41.2,9.7,1.2,20.7,0.0,13.0,43.0,548.5,12.7,2.5,44.5,558.5,12.5,2.5,American,Cincinnati,5-9,182.0,4.4,37.5,124.0,True,164.0
Will Mallory,IND,24,TE,12,2,26.0,18,69.2%,207,0,11,50.0,8.0,1.5,17.3,1.0,11.666666666666666,31.333333333333332,404.6666666666667,13.133333333333333,3.6666666666666665,31.333333333333332,404.6666666666667,13.133333333333333,3.6666666666666665,ACC,Miami,6-5,239.0,4.52,36.5,121.0,True,290.0
Tyler Scott,CHI,22,WR,17,4,32.0,17,53.1%,168,0,10,43.8,5.3,1.0,9.9,1.0,12.5,42.0,709.5,16.950000000000003,7.0,42.0,709.5,16.950000000000003,7.0,American,Cincinnati,5-10,177.0,4.44,39.5,133.0,True,229.0
Parker Washington,JAX,21,WR,9,1,21.0,16,76.2%,132,2,5,52.4,6.3,1.8,14.7,2.0,10.666666666666666,48.666666666666664,640.0,13.233333333333334,4.0,50.0,646.6666666666666,13.033333333333333,4.0,Big Ten,Penn St.,5-10,204.0,4.52,35.5,35.5,True,345.0
Derius Davis,LAC,23,WR,17,2,17.0,15,88.2%,66,0,0,23.5,3.9,0.9,3.9,3.0,13.0,39.0,524.5,13.5,3.0,45.5,560.5,12.35,4.0,Big 12,TCU,5-8,165.0,4.36,35.5,35.5,True,221.0
Malik Heath,GNB,23,WR,13,1,24.0,15,62.5%,125,1,6,41.7,5.2,1.2,9.6,0.0,11.333333333333334,43.666666666666664,573.3333333333334,12.5,4.333333333333333,43.666666666666664,573.3333333333334,12.5,4.333333333333333,SEC,Mississippi,6-2,213.0,4.64,34.0,124.0,False,225.0
Elijah Higgins,ARI,23,TE,11,2,19.0,14,73.7%,163,1,9,52.6,8.6,1.3,14.8,0.0,9.0,39.666666666666664,460.0,11.566666666666668,2.0,41.0,476.0,11.566666666666668,2.0,Pac-12,Stanford,6-3,235.0,4.54,35.0,126.0,True,357.0
A.T. Perry,NOR,24,WR,10,3,18.0,12,66.7%,246,4,10,61.1,13.7,1.2,24.6,0.0,13.5,76.0,1194.5,15.85,13.0,76.0,1194.5,15.85,13.0,ACC,Wake Forest,6-4,198.0,4.47,35.0,133.0,True,355.0
Davis Allen,LAR,22,TE,15,1,11.0,10,90.9%,95,1,7,81.8,8.6,0.7,6.3,0.0,13.5,33.5,325.5,9.4,4.0,33.5,325.5,9.4,4.0,ACC,Clemson,6-6,245.0,4.52,38.5,125.0,True,303.0
Josh Whyle,TEN,24,TE,11,3,15.0,9,60.0%,94,1,8,60.0,6.3,0.8,8.5,0.0,11.0,30.0,339.5,11.399999999999999,4.5,30.0,339.5,11.399999999999999,4.5,American,Cincinnati,6-7,248.0,4.52,33.5,115.0,True,275.0
Xavier Hutchinson,HOU,23,WR,16,0,19.0,8,42.1%,90,0,3,21.1,4.7,0.5,5.6,0.0,12.333333333333334,84.66666666666667,976.3333333333334,11.6,5.0,85.33333333333333,982.3333333333334,11.566666666666668,5.0,Big 12,Iowa St.,6-2,203.0,4.53,36.0,116.0,True,365.0
Luke Schoonmaker,DAL,25,TE,17,0,15.0,8,53.3%,65,2,5,40.0,4.3,0.5,3.8,0.0,12.0,35.0,418.0,11.9,3.0,35.0,418.0,11.9,3.0,Big Ten,Michigan,6-5,251.0,4.52,33.5,127.0,True,90.0
Charlie Jones,CIN,25,WR,11,0,9.0,7,77.8%,64,0,3,44.4,7.1,0.6,5.8,0.0,13.0,110.0,1361.0,12.4,12.0,112.0,1364.0,12.2,12.0,Big Ten,Purdue,5-11,175.0,4.43,36.5,124.0,True,227.0
Ronnie Bell,SFO,23,WR,17,0,13.0,6,46.2%,68,3,5,46.2,5.2,0.4,4.0,1.0,11.0,45.333333333333336,682.6666666666666,15.166666666666666,2.0,46.666666666666664,693.3333333333334,15.033333333333333,2.3333333333333335,Big Ten,Michigan,6-0,191.0,4.54,38.5,120.0,True,445.0
Jalen Brooks,DAL,23,WR,7,0,6.0,6,100.0%,64,0,4,83.3,10.7,0.9,9.1,0.0,12.0,33.0,504.0,15.3,1.0,37.0,555.0,15.0,2.0,SEC,South Carolina,6-1,201.0,4.69,35.0,130.0,True,436.0
Jason Brownlee,NYJ,24,WR,7,5,8.0,5,62.5%,56,1,2,50.0,7.0,0.7,8.0,0.0,11.666666666666666,45.0,714.6666666666666,16.03333333333333,7.0,45.0,714.6666666666666,16.03333333333333,7.0,Sun Belt,Southern Mississippi,6-2,198.0,4.59,39.5,131.0,False,225.0
Payne Durham,TAM,23,TE,13,2,7.0,5,71.4%,58,0,3,71.4,8.3,0.4,4.5,0.0,10.333333333333334,39.0,397.6666666666667,10.266666666666667,5.666666666666667,39.333333333333336,399.0,10.233333333333334,5.666666666666667,Big Ten,Purdue,6-6,253.0,4.52,34.5,117.0,True,299.0
Brenton Strange,JAX,23,TE,14,4,9.0,5,55.6%,35,1,2,22.2,3.9,0.4,2.5,0.0,11.0,24.5,263.0,10.45,3.5,25.0,263.0,10.3,3.5,Big Ten,Penn St.,6-4,253.0,4.52,36.0,124.0,True,93.0
Rakim Jarrett,TAM,22,WR,10,0,9.0,4,44.4%,60,0,1,33.3,6.7,0.4,6.0,0.0,9.333333333333334,39.666666666666664,517.3333333333334,13.333333333333334,3.3333333333333335,42.333333333333336,524.6666666666666,12.733333333333334,3.3333333333333335,Big Ten,Maryland,6-0,192.0,4.44,35.5,123.0,False,225.0
Kayshon Boutte,NWE,21,WR,5,0,7.0,2,28.6%,19,0,1,28.6,2.7,0.4,3.8,0.0,9.0,43.666666666666664,593.6666666666666,13.633333333333333,5.333333333333333,44.0,607.3333333333334,13.833333333333334,5.333333333333333,SEC,LSU,5-11,195.0,4.5,29.0,118.0,True,347.0
Antoine Green,DET,24,WR,9,0,2.0,1,50.0%,2,0,0,0.0,1.0,0.1,0.2,0.0,11.0,37.0,705.0,19.15,6.0,37.0,705.0,19.15,6.0,ACC,North Carolina,6-2,199.0,4.47,33.5,123.0,True,411.0
